road,timestamp,hour_ahead,predicted_traffic
A1,2025-12-15 22:18:46.069945,1,-0.0036252737045288086
A1,2025-12-15 23:18:46.069945,2,-0.0034464001655578613
A1,2025-12-16 00:18:46.069945,3,-0.0032387971878051758
A1,2025-12-16 01:18:46.069945,4,-0.002982795238494873
A1,2025-12-16 02:18:46.069945,5,-0.002739250659942627
A1,2025-12-16 03:18:46.069945,6,-0.0025072097778320312
A1,2025-12-16 04:18:46.069945,7,-0.002288639545440674
A1,2025-12-16 05:18:46.069945,8,-0.0021141767501831055
A1,2025-12-16 06:18:46.069945,9,-0.001970052719116211
A1,2025-12-16 07:18:46.069945,10,-0.0018404722213745117
A1,2025-12-16 08:18:46.069945,11,-0.0017160773277282715
A1,2025-12-16 09:18:46.069945,12,-0.0016214251518249512
A1,2025-12-16 10:18:46.069945,13,-0.001534879207611084
A1,2025-12-16 11:18:46.069945,14,-0.0014839768409729004
A1,2025-12-16 12:18:46.069945,15,-0.0014418959617614746
A1,2025-12-16 13:18:46.069945,16,-0.0014052391052246094
A1,2025-12-16 14:18:46.069945,17,-0.0013741850852966309
A1,2025-12-16 15:18:46.069945,18,-0.001355588436126709
A1,2025-12-16 16:18:46.069945,19,-0.001361072063446045
A1,2025-12-16 17:18:46.069945,20,-0.001347184181213379
A1,2025-12-16 18:18:46.069945,21,-0.0013544559478759766
A1,2025-12-16 19:18:46.069945,22,-0.0013442635536193848
A1,2025-12-16 20:18:46.069945,23,-0.0013603568077087402
A1,2025-12-16 21:18:46.069945,24,-0.001353532075881958
A1,2025-12-16 22:18:46.069945,25,-0.001369863748550415
A1,2025-12-16 23:18:46.069945,26,-0.0013699829578399658
A1,2025-12-17 00:18:46.069945,27,-0.0013696253299713135
A1,2025-12-17 01:18:46.069945,28,-0.0013662874698638916
A1,2025-12-17 02:18:46.069945,29,-0.0013608932495117188
A1,2025-12-17 03:18:46.069945,30,-0.0013785958290100098
A1,2025-12-17 04:18:46.069945,31,-0.0013699829578399658
A1,2025-12-17 05:18:46.069945,32,-0.0013816356658935547
A1,2025-12-17 06:18:46.069945,33,-0.0013882219791412354
A1,2025-12-17 07:18:46.069945,34,-0.0013937950134277344
A1,2025-12-17 08:18:46.069945,35,-0.0013751685619354248
A1,2025-12-17 09:18:46.069945,36,-0.001374572515487671
A1,2025-12-17 10:18:46.069945,37,-0.0013665854930877686
A1,2025-12-17 11:18:46.069945,38,-0.0013639330863952637
A1,2025-12-17 12:18:46.069945,39,-0.0013876259326934814
A1,2025-12-17 13:18:46.069945,40,-0.0013395845890045166
A1,2025-12-17 14:18:46.069945,41,-0.001359105110168457
A1,2025-12-17 15:18:46.069945,42,-0.001382380723953247
A1,2025-12-17 16:18:46.069945,43,-0.0013416409492492676
A1,2025-12-17 17:18:46.069945,44,-0.0013646483421325684
A1,2025-12-17 18:18:46.069945,45,-0.0013793706893920898
A1,2025-12-17 19:18:46.069945,46,-0.0013887882232666016
A1,2025-12-17 20:18:46.069945,47,-0.0013632476329803467
A1,2025-12-17 21:18:46.069945,48,-0.0013662278652191162
A10,2025-12-15 22:18:46.069945,1,-0.0036252737045288086
A10,2025-12-15 23:18:46.069945,2,-0.0034464001655578613
A10,2025-12-16 00:18:46.069945,3,-0.0032387971878051758
A10,2025-12-16 01:18:46.069945,4,-0.002982795238494873
A10,2025-12-16 02:18:46.069945,5,-0.002739250659942627
A10,2025-12-16 03:18:46.069945,6,-0.0025072097778320312
A10,2025-12-16 04:18:46.069945,7,-0.002288639545440674
A10,2025-12-16 05:18:46.069945,8,-0.0021141767501831055
A10,2025-12-16 06:18:46.069945,9,-0.001970052719116211
A10,2025-12-16 07:18:46.069945,10,-0.0018404722213745117
A10,2025-12-16 08:18:46.069945,11,-0.0017160773277282715
A10,2025-12-16 09:18:46.069945,12,-0.0016214251518249512
A10,2025-12-16 10:18:46.069945,13,-0.001534879207611084
A10,2025-12-16 11:18:46.069945,14,-0.0014839768409729004
A10,2025-12-16 12:18:46.069945,15,-0.0014418959617614746
A10,2025-12-16 13:18:46.069945,16,-0.0014052391052246094
A10,2025-12-16 14:18:46.069945,17,-0.0013741850852966309
A10,2025-12-16 15:18:46.069945,18,-0.001355588436126709
A10,2025-12-16 16:18:46.069945,19,-0.001361072063446045
A10,2025-12-16 17:18:46.069945,20,-0.001347184181213379
A10,2025-12-16 18:18:46.069945,21,-0.0013544559478759766
A10,2025-12-16 19:18:46.069945,22,-0.0013442635536193848
A10,2025-12-16 20:18:46.069945,23,-0.0013603568077087402
A10,2025-12-16 21:18:46.069945,24,-0.001353532075881958
A10,2025-12-16 22:18:46.069945,25,-0.001369863748550415
A10,2025-12-16 23:18:46.069945,26,-0.0013699829578399658
A10,2025-12-17 00:18:46.069945,27,-0.0013696253299713135
A10,2025-12-17 01:18:46.069945,28,-0.0013662874698638916
A10,2025-12-17 02:18:46.069945,29,-0.0013608932495117188
A10,2025-12-17 03:18:46.069945,30,-0.0013785958290100098
A10,2025-12-17 04:18:46.069945,31,-0.0013699829578399658
A10,2025-12-17 05:18:46.069945,32,-0.0013816356658935547
A10,2025-12-17 06:18:46.069945,33,-0.0013882219791412354
A10,2025-12-17 07:18:46.069945,34,-0.0013937950134277344
A10,2025-12-17 08:18:46.069945,35,-0.0013751685619354248
A10,2025-12-17 09:18:46.069945,36,-0.001374572515487671
A10,2025-12-17 10:18:46.069945,37,-0.0013665854930877686
A10,2025-12-17 11:18:46.069945,38,-0.0013639330863952637
A10,2025-12-17 12:18:46.069945,39,-0.0013876259326934814
A10,2025-12-17 13:18:46.069945,40,-0.0013395845890045166
A10,2025-12-17 14:18:46.069945,41,-0.001359105110168457
A10,2025-12-17 15:18:46.069945,42,-0.001382380723953247
A10,2025-12-17 16:18:46.069945,43,-0.0013416409492492676
A10,2025-12-17 17:18:46.069945,44,-0.0013646483421325684
A10,2025-12-17 18:18:46.069945,45,-0.0013793706893920898
A10,2025-12-17 19:18:46.069945,46,-0.0013887882232666016
A10,2025-12-17 20:18:46.069945,47,-0.0013632476329803467
A10,2025-12-17 21:18:46.069945,48,-0.0013662278652191162
A12,2025-12-15 22:18:46.069945,1,0.9819676876068115
A12,2025-12-15 23:18:46.069945,2,0.9757322669029236
A12,2025-12-16 00:18:46.069945,3,0.9701300859451294
A12,2025-12-16 01:18:46.069945,4,0.9632569551467896
A12,2025-12-16 02:18:46.069945,5,0.9560060501098633
A12,2025-12-16 03:18:46.069945,6,0.9436980485916138
A12,2025-12-16 04:18:46.069945,7,0.9335097074508667
A12,2025-12-16 05:18:46.069945,8,0.9245777130126953
A12,2025-12-16 06:18:46.069945,9,0.9179216623306274
A12,2025-12-16 07:18:46.069945,10,0.9111546874046326
A12,2025-12-16 08:18:46.069945,11,0.9043415784835815
A12,2025-12-16 09:18:46.069945,12,0.8946733474731445
A12,2025-12-16 10:18:46.069945,13,0.8910007476806641
A12,2025-12-16 11:18:46.069945,14,0.8829126358032227
A12,2025-12-16 12:18:46.069945,15,0.8776196241378784
A12,2025-12-16 13:18:46.069945,16,0.8715822696685791
A12,2025-12-16 14:18:46.069945,17,0.860571563243866
A12,2025-12-16 15:18:46.069945,18,0.8603581190109253
A12,2025-12-16 16:18:46.069945,19,0.8556313514709473
A12,2025-12-16 17:18:46.069945,20,0.8513752818107605
A12,2025-12-16 18:18:46.069945,21,0.8483597040176392
A12,2025-12-16 19:18:46.069945,22,0.8383398652076721
A12,2025-12-16 20:18:46.069945,23,0.827893853187561
A12,2025-12-16 21:18:46.069945,24,0.8273928165435791
A12,2025-12-16 22:18:46.069945,25,0.8208860158920288
A12,2025-12-16 23:18:46.069945,26,0.8168892860412598
A12,2025-12-17 00:18:46.069945,27,0.8085679411888123
A12,2025-12-17 01:18:46.069945,28,0.811113715171814
A12,2025-12-17 02:18:46.069945,29,0.8012632131576538
A12,2025-12-17 03:18:46.069945,30,0.7976245880126953
A12,2025-12-17 04:18:46.069945,31,0.7868695259094238
A12,2025-12-17 05:18:46.069945,32,0.7831869125366211
A12,2025-12-17 06:18:46.069945,33,0.7838899493217468
A12,2025-12-17 07:18:46.069945,34,0.7803353667259216
A12,2025-12-17 08:18:46.069945,35,0.7776994705200195
A12,2025-12-17 09:18:46.069945,36,0.765595555305481
A12,2025-12-17 10:18:46.069945,37,0.7631574273109436
A12,2025-12-17 11:18:46.069945,38,0.7536967992782593
A12,2025-12-17 12:18:46.069945,39,0.7571321725845337
A12,2025-12-17 13:18:46.069945,40,0.7447047233581543
A12,2025-12-17 14:18:46.069945,41,0.7421587705612183
A12,2025-12-17 15:18:46.069945,42,0.7451817989349365
A12,2025-12-17 16:18:46.069945,43,0.740068793296814
A12,2025-12-17 17:18:46.069945,44,0.7398531436920166
A12,2025-12-17 18:18:46.069945,45,0.7345882058143616
A12,2025-12-17 19:18:46.069945,46,0.7282090187072754
A12,2025-12-17 20:18:46.069945,47,0.7276798486709595
A12,2025-12-17 21:18:46.069945,48,0.7210317850112915
A13,2025-12-15 22:18:46.069945,1,-0.0036252737045288086
A13,2025-12-15 23:18:46.069945,2,-0.0034464001655578613
A13,2025-12-16 00:18:46.069945,3,-0.0032387971878051758
A13,2025-12-16 01:18:46.069945,4,-0.002982795238494873
A13,2025-12-16 02:18:46.069945,5,-0.002739250659942627
A13,2025-12-16 03:18:46.069945,6,-0.0025072097778320312
A13,2025-12-16 04:18:46.069945,7,-0.002288639545440674
A13,2025-12-16 05:18:46.069945,8,-0.0021141767501831055
A13,2025-12-16 06:18:46.069945,9,-0.001970052719116211
A13,2025-12-16 07:18:46.069945,10,-0.0018404722213745117
A13,2025-12-16 08:18:46.069945,11,-0.0017160773277282715
A13,2025-12-16 09:18:46.069945,12,-0.0016214251518249512
A13,2025-12-16 10:18:46.069945,13,-0.001534879207611084
A13,2025-12-16 11:18:46.069945,14,-0.0014839768409729004
A13,2025-12-16 12:18:46.069945,15,-0.0014418959617614746
A13,2025-12-16 13:18:46.069945,16,-0.0014052391052246094
A13,2025-12-16 14:18:46.069945,17,-0.0013741850852966309
A13,2025-12-16 15:18:46.069945,18,-0.001355588436126709
A13,2025-12-16 16:18:46.069945,19,-0.001361072063446045
A13,2025-12-16 17:18:46.069945,20,-0.001347184181213379
A13,2025-12-16 18:18:46.069945,21,-0.0013544559478759766
A13,2025-12-16 19:18:46.069945,22,-0.0013442635536193848
A13,2025-12-16 20:18:46.069945,23,-0.0013603568077087402
A13,2025-12-16 21:18:46.069945,24,-0.001353532075881958
A13,2025-12-16 22:18:46.069945,25,-0.001369863748550415
A13,2025-12-16 23:18:46.069945,26,-0.0013699829578399658
A13,2025-12-17 00:18:46.069945,27,-0.0013696253299713135
A13,2025-12-17 01:18:46.069945,28,-0.0013662874698638916
A13,2025-12-17 02:18:46.069945,29,-0.0013608932495117188
A13,2025-12-17 03:18:46.069945,30,-0.0013785958290100098
A13,2025-12-17 04:18:46.069945,31,-0.0013699829578399658
A13,2025-12-17 05:18:46.069945,32,-0.0013816356658935547
A13,2025-12-17 06:18:46.069945,33,-0.0013882219791412354
A13,2025-12-17 07:18:46.069945,34,-0.0013937950134277344
A13,2025-12-17 08:18:46.069945,35,-0.0013751685619354248
A13,2025-12-17 09:18:46.069945,36,-0.001374572515487671
A13,2025-12-17 10:18:46.069945,37,-0.0013665854930877686
A13,2025-12-17 11:18:46.069945,38,-0.0013639330863952637
A13,2025-12-17 12:18:46.069945,39,-0.0013876259326934814
A13,2025-12-17 13:18:46.069945,40,-0.0013395845890045166
A13,2025-12-17 14:18:46.069945,41,-0.001359105110168457
A13,2025-12-17 15:18:46.069945,42,-0.001382380723953247
A13,2025-12-17 16:18:46.069945,43,-0.0013416409492492676
A13,2025-12-17 17:18:46.069945,44,-0.0013646483421325684
A13,2025-12-17 18:18:46.069945,45,-0.0013793706893920898
A13,2025-12-17 19:18:46.069945,46,-0.0013887882232666016
A13,2025-12-17 20:18:46.069945,47,-0.0013632476329803467
A13,2025-12-17 21:18:46.069945,48,-0.0013662278652191162
A2,2025-12-15 22:18:46.069945,1,-0.0036252737045288086
A2,2025-12-15 23:18:46.069945,2,-0.0034464001655578613
A2,2025-12-16 00:18:46.069945,3,-0.0032387971878051758
A2,2025-12-16 01:18:46.069945,4,-0.002982795238494873
A2,2025-12-16 02:18:46.069945,5,-0.002739250659942627
A2,2025-12-16 03:18:46.069945,6,-0.0025072097778320312
A2,2025-12-16 04:18:46.069945,7,-0.002288639545440674
A2,2025-12-16 05:18:46.069945,8,-0.0021141767501831055
A2,2025-12-16 06:18:46.069945,9,-0.001970052719116211
A2,2025-12-16 07:18:46.069945,10,-0.0018404722213745117
A2,2025-12-16 08:18:46.069945,11,-0.0017160773277282715
A2,2025-12-16 09:18:46.069945,12,-0.0016214251518249512
A2,2025-12-16 10:18:46.069945,13,-0.001534879207611084
A2,2025-12-16 11:18:46.069945,14,-0.0014839768409729004
A2,2025-12-16 12:18:46.069945,15,-0.0014418959617614746
A2,2025-12-16 13:18:46.069945,16,-0.0014052391052246094
A2,2025-12-16 14:18:46.069945,17,-0.0013741850852966309
A2,2025-12-16 15:18:46.069945,18,-0.001355588436126709
A2,2025-12-16 16:18:46.069945,19,-0.001361072063446045
A2,2025-12-16 17:18:46.069945,20,-0.001347184181213379
A2,2025-12-16 18:18:46.069945,21,-0.0013544559478759766
A2,2025-12-16 19:18:46.069945,22,-0.0013442635536193848
A2,2025-12-16 20:18:46.069945,23,-0.0013603568077087402
A2,2025-12-16 21:18:46.069945,24,-0.001353532075881958
A2,2025-12-16 22:18:46.069945,25,-0.001369863748550415
A2,2025-12-16 23:18:46.069945,26,-0.0013699829578399658
A2,2025-12-17 00:18:46.069945,27,-0.0013696253299713135
A2,2025-12-17 01:18:46.069945,28,-0.0013662874698638916
A2,2025-12-17 02:18:46.069945,29,-0.0013608932495117188
A2,2025-12-17 03:18:46.069945,30,-0.0013785958290100098
A2,2025-12-17 04:18:46.069945,31,-0.0013699829578399658
A2,2025-12-17 05:18:46.069945,32,-0.0013816356658935547
A2,2025-12-17 06:18:46.069945,33,-0.0013882219791412354
A2,2025-12-17 07:18:46.069945,34,-0.0013937950134277344
A2,2025-12-17 08:18:46.069945,35,-0.0013751685619354248
A2,2025-12-17 09:18:46.069945,36,-0.001374572515487671
A2,2025-12-17 10:18:46.069945,37,-0.0013665854930877686
A2,2025-12-17 11:18:46.069945,38,-0.0013639330863952637
A2,2025-12-17 12:18:46.069945,39,-0.0013876259326934814
A2,2025-12-17 13:18:46.069945,40,-0.0013395845890045166
A2,2025-12-17 14:18:46.069945,41,-0.001359105110168457
A2,2025-12-17 15:18:46.069945,42,-0.001382380723953247
A2,2025-12-17 16:18:46.069945,43,-0.0013416409492492676
A2,2025-12-17 17:18:46.069945,44,-0.0013646483421325684
A2,2025-12-17 18:18:46.069945,45,-0.0013793706893920898
A2,2025-12-17 19:18:46.069945,46,-0.0013887882232666016
A2,2025-12-17 20:18:46.069945,47,-0.0013632476329803467
A2,2025-12-17 21:18:46.069945,48,-0.0013662278652191162
A20,2025-12-15 22:18:46.069945,1,-0.0036252737045288086
A20,2025-12-15 23:18:46.069945,2,-0.0034464001655578613
A20,2025-12-16 00:18:46.069945,3,-0.0032387971878051758
A20,2025-12-16 01:18:46.069945,4,-0.002982795238494873
A20,2025-12-16 02:18:46.069945,5,-0.002739250659942627
A20,2025-12-16 03:18:46.069945,6,-0.0025072097778320312
A20,2025-12-16 04:18:46.069945,7,-0.002288639545440674
A20,2025-12-16 05:18:46.069945,8,-0.0021141767501831055
A20,2025-12-16 06:18:46.069945,9,-0.001970052719116211
A20,2025-12-16 07:18:46.069945,10,-0.0018404722213745117
A20,2025-12-16 08:18:46.069945,11,-0.0017160773277282715
A20,2025-12-16 09:18:46.069945,12,-0.0016214251518249512
A20,2025-12-16 10:18:46.069945,13,-0.001534879207611084
A20,2025-12-16 11:18:46.069945,14,-0.0014839768409729004
A20,2025-12-16 12:18:46.069945,15,-0.0014418959617614746
A20,2025-12-16 13:18:46.069945,16,-0.0014052391052246094
A20,2025-12-16 14:18:46.069945,17,-0.0013741850852966309
A20,2025-12-16 15:18:46.069945,18,-0.001355588436126709
A20,2025-12-16 16:18:46.069945,19,-0.001361072063446045
A20,2025-12-16 17:18:46.069945,20,-0.001347184181213379
A20,2025-12-16 18:18:46.069945,21,-0.0013544559478759766
A20,2025-12-16 19:18:46.069945,22,-0.0013442635536193848
A20,2025-12-16 20:18:46.069945,23,-0.0013603568077087402
A20,2025-12-16 21:18:46.069945,24,-0.001353532075881958
A20,2025-12-16 22:18:46.069945,25,-0.001369863748550415
A20,2025-12-16 23:18:46.069945,26,-0.0013699829578399658
A20,2025-12-17 00:18:46.069945,27,-0.0013696253299713135
A20,2025-12-17 01:18:46.069945,28,-0.0013662874698638916
A20,2025-12-17 02:18:46.069945,29,-0.0013608932495117188
A20,2025-12-17 03:18:46.069945,30,-0.0013785958290100098
A20,2025-12-17 04:18:46.069945,31,-0.0013699829578399658
A20,2025-12-17 05:18:46.069945,32,-0.0013816356658935547
A20,2025-12-17 06:18:46.069945,33,-0.0013882219791412354
A20,2025-12-17 07:18:46.069945,34,-0.0013937950134277344
A20,2025-12-17 08:18:46.069945,35,-0.0013751685619354248
A20,2025-12-17 09:18:46.069945,36,-0.001374572515487671
A20,2025-12-17 10:18:46.069945,37,-0.0013665854930877686
A20,2025-12-17 11:18:46.069945,38,-0.0013639330863952637
A20,2025-12-17 12:18:46.069945,39,-0.0013876259326934814
A20,2025-12-17 13:18:46.069945,40,-0.0013395845890045166
A20,2025-12-17 14:18:46.069945,41,-0.001359105110168457
A20,2025-12-17 15:18:46.069945,42,-0.001382380723953247
A20,2025-12-17 16:18:46.069945,43,-0.0013416409492492676
A20,2025-12-17 17:18:46.069945,44,-0.0013646483421325684
A20,2025-12-17 18:18:46.069945,45,-0.0013793706893920898
A20,2025-12-17 19:18:46.069945,46,-0.0013887882232666016
A20,2025-12-17 20:18:46.069945,47,-0.0013632476329803467
A20,2025-12-17 21:18:46.069945,48,-0.0013662278652191162
A21,2025-12-15 22:18:46.069945,1,-0.0036252737045288086
A21,2025-12-15 23:18:46.069945,2,-0.0034464001655578613
A21,2025-12-16 00:18:46.069945,3,-0.0032387971878051758
A21,2025-12-16 01:18:46.069945,4,-0.002982795238494873
A21,2025-12-16 02:18:46.069945,5,-0.002739250659942627
A21,2025-12-16 03:18:46.069945,6,-0.0025072097778320312
A21,2025-12-16 04:18:46.069945,7,-0.002288639545440674
A21,2025-12-16 05:18:46.069945,8,-0.0021141767501831055
A21,2025-12-16 06:18:46.069945,9,-0.001970052719116211
A21,2025-12-16 07:18:46.069945,10,-0.0018404722213745117
A21,2025-12-16 08:18:46.069945,11,-0.0017160773277282715
A21,2025-12-16 09:18:46.069945,12,-0.0016214251518249512
A21,2025-12-16 10:18:46.069945,13,-0.001534879207611084
A21,2025-12-16 11:18:46.069945,14,-0.0014839768409729004
A21,2025-12-16 12:18:46.069945,15,-0.0014418959617614746
A21,2025-12-16 13:18:46.069945,16,-0.0014052391052246094
A21,2025-12-16 14:18:46.069945,17,-0.0013741850852966309
A21,2025-12-16 15:18:46.069945,18,-0.001355588436126709
A21,2025-12-16 16:18:46.069945,19,-0.001361072063446045
A21,2025-12-16 17:18:46.069945,20,-0.001347184181213379
A21,2025-12-16 18:18:46.069945,21,-0.0013544559478759766
A21,2025-12-16 19:18:46.069945,22,-0.0013442635536193848
A21,2025-12-16 20:18:46.069945,23,-0.0013603568077087402
A21,2025-12-16 21:18:46.069945,24,-0.001353532075881958
A21,2025-12-16 22:18:46.069945,25,-0.001369863748550415
A21,2025-12-16 23:18:46.069945,26,-0.0013699829578399658
A21,2025-12-17 00:18:46.069945,27,-0.0013696253299713135
A21,2025-12-17 01:18:46.069945,28,-0.0013662874698638916
A21,2025-12-17 02:18:46.069945,29,-0.0013608932495117188
A21,2025-12-17 03:18:46.069945,30,-0.0013785958290100098
A21,2025-12-17 04:18:46.069945,31,-0.0013699829578399658
A21,2025-12-17 05:18:46.069945,32,-0.0013816356658935547
A21,2025-12-17 06:18:46.069945,33,-0.0013882219791412354
A21,2025-12-17 07:18:46.069945,34,-0.0013937950134277344
A21,2025-12-17 08:18:46.069945,35,-0.0013751685619354248
A21,2025-12-17 09:18:46.069945,36,-0.001374572515487671
A21,2025-12-17 10:18:46.069945,37,-0.0013665854930877686
A21,2025-12-17 11:18:46.069945,38,-0.0013639330863952637
A21,2025-12-17 12:18:46.069945,39,-0.0013876259326934814
A21,2025-12-17 13:18:46.069945,40,-0.0013395845890045166
A21,2025-12-17 14:18:46.069945,41,-0.001359105110168457
A21,2025-12-17 15:18:46.069945,42,-0.001382380723953247
A21,2025-12-17 16:18:46.069945,43,-0.0013416409492492676
A21,2025-12-17 17:18:46.069945,44,-0.0013646483421325684
A21,2025-12-17 18:18:46.069945,45,-0.0013793706893920898
A21,2025-12-17 19:18:46.069945,46,-0.0013887882232666016
A21,2025-12-17 20:18:46.069945,47,-0.0013632476329803467
A21,2025-12-17 21:18:46.069945,48,-0.0013662278652191162
A23,2025-12-15 22:18:46.069945,1,-0.0036252737045288086
A23,2025-12-15 23:18:46.069945,2,-0.0034464001655578613
A23,2025-12-16 00:18:46.069945,3,-0.0032387971878051758
A23,2025-12-16 01:18:46.069945,4,-0.002982795238494873
A23,2025-12-16 02:18:46.069945,5,-0.002739250659942627
A23,2025-12-16 03:18:46.069945,6,-0.0025072097778320312
A23,2025-12-16 04:18:46.069945,7,-0.002288639545440674
A23,2025-12-16 05:18:46.069945,8,-0.0021141767501831055
A23,2025-12-16 06:18:46.069945,9,-0.001970052719116211
A23,2025-12-16 07:18:46.069945,10,-0.0018404722213745117
A23,2025-12-16 08:18:46.069945,11,-0.0017160773277282715
A23,2025-12-16 09:18:46.069945,12,-0.0016214251518249512
A23,2025-12-16 10:18:46.069945,13,-0.001534879207611084
A23,2025-12-16 11:18:46.069945,14,-0.0014839768409729004
A23,2025-12-16 12:18:46.069945,15,-0.0014418959617614746
A23,2025-12-16 13:18:46.069945,16,-0.0014052391052246094
A23,2025-12-16 14:18:46.069945,17,-0.0013741850852966309
A23,2025-12-16 15:18:46.069945,18,-0.001355588436126709
A23,2025-12-16 16:18:46.069945,19,-0.001361072063446045
A23,2025-12-16 17:18:46.069945,20,-0.001347184181213379
A23,2025-12-16 18:18:46.069945,21,-0.0013544559478759766
A23,2025-12-16 19:18:46.069945,22,-0.0013442635536193848
A23,2025-12-16 20:18:46.069945,23,-0.0013603568077087402
A23,2025-12-16 21:18:46.069945,24,-0.001353532075881958
A23,2025-12-16 22:18:46.069945,25,-0.001369863748550415
A23,2025-12-16 23:18:46.069945,26,-0.0013699829578399658
A23,2025-12-17 00:18:46.069945,27,-0.0013696253299713135
A23,2025-12-17 01:18:46.069945,28,-0.0013662874698638916
A23,2025-12-17 02:18:46.069945,29,-0.0013608932495117188
A23,2025-12-17 03:18:46.069945,30,-0.0013785958290100098
A23,2025-12-17 04:18:46.069945,31,-0.0013699829578399658
A23,2025-12-17 05:18:46.069945,32,-0.0013816356658935547
A23,2025-12-17 06:18:46.069945,33,-0.0013882219791412354
A23,2025-12-17 07:18:46.069945,34,-0.0013937950134277344
A23,2025-12-17 08:18:46.069945,35,-0.0013751685619354248
A23,2025-12-17 09:18:46.069945,36,-0.001374572515487671
A23,2025-12-17 10:18:46.069945,37,-0.0013665854930877686
A23,2025-12-17 11:18:46.069945,38,-0.0013639330863952637
A23,2025-12-17 12:18:46.069945,39,-0.0013876259326934814
A23,2025-12-17 13:18:46.069945,40,-0.0013395845890045166
A23,2025-12-17 14:18:46.069945,41,-0.001359105110168457
A23,2025-12-17 15:18:46.069945,42,-0.001382380723953247
A23,2025-12-17 16:18:46.069945,43,-0.0013416409492492676
A23,2025-12-17 17:18:46.069945,44,-0.0013646483421325684
A23,2025-12-17 18:18:46.069945,45,-0.0013793706893920898
A23,2025-12-17 19:18:46.069945,46,-0.0013887882232666016
A23,2025-12-17 20:18:46.069945,47,-0.0013632476329803467
A23,2025-12-17 21:18:46.069945,48,-0.0013662278652191162
A24,2025-12-15 22:18:46.069945,1,-0.0036252737045288086
A24,2025-12-15 23:18:46.069945,2,-0.0034464001655578613
A24,2025-12-16 00:18:46.069945,3,-0.0032387971878051758
A24,2025-12-16 01:18:46.069945,4,-0.002982795238494873
A24,2025-12-16 02:18:46.069945,5,-0.002739250659942627
A24,2025-12-16 03:18:46.069945,6,-0.0025072097778320312
A24,2025-12-16 04:18:46.069945,7,-0.002288639545440674
A24,2025-12-16 05:18:46.069945,8,-0.0021141767501831055
A24,2025-12-16 06:18:46.069945,9,-0.001970052719116211
A24,2025-12-16 07:18:46.069945,10,-0.0018404722213745117
A24,2025-12-16 08:18:46.069945,11,-0.0017160773277282715
A24,2025-12-16 09:18:46.069945,12,-0.0016214251518249512
A24,2025-12-16 10:18:46.069945,13,-0.001534879207611084
A24,2025-12-16 11:18:46.069945,14,-0.0014839768409729004
A24,2025-12-16 12:18:46.069945,15,-0.0014418959617614746
A24,2025-12-16 13:18:46.069945,16,-0.0014052391052246094
A24,2025-12-16 14:18:46.069945,17,-0.0013741850852966309
A24,2025-12-16 15:18:46.069945,18,-0.001355588436126709
A24,2025-12-16 16:18:46.069945,19,-0.001361072063446045
A24,2025-12-16 17:18:46.069945,20,-0.001347184181213379
A24,2025-12-16 18:18:46.069945,21,-0.0013544559478759766
A24,2025-12-16 19:18:46.069945,22,-0.0013442635536193848
A24,2025-12-16 20:18:46.069945,23,-0.0013603568077087402
A24,2025-12-16 21:18:46.069945,24,-0.001353532075881958
A24,2025-12-16 22:18:46.069945,25,-0.001369863748550415
A24,2025-12-16 23:18:46.069945,26,-0.0013699829578399658
A24,2025-12-17 00:18:46.069945,27,-0.0013696253299713135
A24,2025-12-17 01:18:46.069945,28,-0.0013662874698638916
A24,2025-12-17 02:18:46.069945,29,-0.0013608932495117188
A24,2025-12-17 03:18:46.069945,30,-0.0013785958290100098
A24,2025-12-17 04:18:46.069945,31,-0.0013699829578399658
A24,2025-12-17 05:18:46.069945,32,-0.0013816356658935547
A24,2025-12-17 06:18:46.069945,33,-0.0013882219791412354
A24,2025-12-17 07:18:46.069945,34,-0.0013937950134277344
A24,2025-12-17 08:18:46.069945,35,-0.0013751685619354248
A24,2025-12-17 09:18:46.069945,36,-0.001374572515487671
A24,2025-12-17 10:18:46.069945,37,-0.0013665854930877686
A24,2025-12-17 11:18:46.069945,38,-0.0013639330863952637
A24,2025-12-17 12:18:46.069945,39,-0.0013876259326934814
A24,2025-12-17 13:18:46.069945,40,-0.0013395845890045166
A24,2025-12-17 14:18:46.069945,41,-0.001359105110168457
A24,2025-12-17 15:18:46.069945,42,-0.001382380723953247
A24,2025-12-17 16:18:46.069945,43,-0.0013416409492492676
A24,2025-12-17 17:18:46.069945,44,-0.0013646483421325684
A24,2025-12-17 18:18:46.069945,45,-0.0013793706893920898
A24,2025-12-17 19:18:46.069945,46,-0.0013887882232666016
A24,2025-12-17 20:18:46.069945,47,-0.0013632476329803467
A24,2025-12-17 21:18:46.069945,48,-0.0013662278652191162
A3,2025-12-15 22:18:46.069945,1,-0.0036252737045288086
A3,2025-12-15 23:18:46.069945,2,-0.0034464001655578613
A3,2025-12-16 00:18:46.069945,3,-0.0032387971878051758
A3,2025-12-16 01:18:46.069945,4,-0.002982795238494873
A3,2025-12-16 02:18:46.069945,5,-0.002739250659942627
A3,2025-12-16 03:18:46.069945,6,-0.0025072097778320312
A3,2025-12-16 04:18:46.069945,7,-0.002288639545440674
A3,2025-12-16 05:18:46.069945,8,-0.0021141767501831055
A3,2025-12-16 06:18:46.069945,9,-0.001970052719116211
A3,2025-12-16 07:18:46.069945,10,-0.0018404722213745117
A3,2025-12-16 08:18:46.069945,11,-0.0017160773277282715
A3,2025-12-16 09:18:46.069945,12,-0.0016214251518249512
A3,2025-12-16 10:18:46.069945,13,-0.001534879207611084
A3,2025-12-16 11:18:46.069945,14,-0.0014839768409729004
A3,2025-12-16 12:18:46.069945,15,-0.0014418959617614746
A3,2025-12-16 13:18:46.069945,16,-0.0014052391052246094
A3,2025-12-16 14:18:46.069945,17,-0.0013741850852966309
A3,2025-12-16 15:18:46.069945,18,-0.001355588436126709
A3,2025-12-16 16:18:46.069945,19,-0.001361072063446045
A3,2025-12-16 17:18:46.069945,20,-0.001347184181213379
A3,2025-12-16 18:18:46.069945,21,-0.0013544559478759766
A3,2025-12-16 19:18:46.069945,22,-0.0013442635536193848
A3,2025-12-16 20:18:46.069945,23,-0.0013603568077087402
A3,2025-12-16 21:18:46.069945,24,-0.001353532075881958
A3,2025-12-16 22:18:46.069945,25,-0.001369863748550415
A3,2025-12-16 23:18:46.069945,26,-0.0013699829578399658
A3,2025-12-17 00:18:46.069945,27,-0.0013696253299713135
A3,2025-12-17 01:18:46.069945,28,-0.0013662874698638916
A3,2025-12-17 02:18:46.069945,29,-0.0013608932495117188
A3,2025-12-17 03:18:46.069945,30,-0.0013785958290100098
A3,2025-12-17 04:18:46.069945,31,-0.0013699829578399658
A3,2025-12-17 05:18:46.069945,32,-0.0013816356658935547
A3,2025-12-17 06:18:46.069945,33,-0.0013882219791412354
A3,2025-12-17 07:18:46.069945,34,-0.0013937950134277344
A3,2025-12-17 08:18:46.069945,35,-0.0013751685619354248
A3,2025-12-17 09:18:46.069945,36,-0.001374572515487671
A3,2025-12-17 10:18:46.069945,37,-0.0013665854930877686
A3,2025-12-17 11:18:46.069945,38,-0.0013639330863952637
A3,2025-12-17 12:18:46.069945,39,-0.0013876259326934814
A3,2025-12-17 13:18:46.069945,40,-0.0013395845890045166
A3,2025-12-17 14:18:46.069945,41,-0.001359105110168457
A3,2025-12-17 15:18:46.069945,42,-0.001382380723953247
A3,2025-12-17 16:18:46.069945,43,-0.0013416409492492676
A3,2025-12-17 17:18:46.069945,44,-0.0013646483421325684
A3,2025-12-17 18:18:46.069945,45,-0.0013793706893920898
A3,2025-12-17 19:18:46.069945,46,-0.0013887882232666016
A3,2025-12-17 20:18:46.069945,47,-0.0013632476329803467
A3,2025-12-17 21:18:46.069945,48,-0.0013662278652191162
A316,2025-12-15 22:18:46.069945,1,-0.0036252737045288086
A316,2025-12-15 23:18:46.069945,2,-0.0034464001655578613
A316,2025-12-16 00:18:46.069945,3,-0.0032387971878051758
A316,2025-12-16 01:18:46.069945,4,-0.002982795238494873
A316,2025-12-16 02:18:46.069945,5,-0.002739250659942627
A316,2025-12-16 03:18:46.069945,6,-0.0025072097778320312
A316,2025-12-16 04:18:46.069945,7,-0.002288639545440674
A316,2025-12-16 05:18:46.069945,8,-0.0021141767501831055
A316,2025-12-16 06:18:46.069945,9,-0.001970052719116211
A316,2025-12-16 07:18:46.069945,10,-0.0018404722213745117
A316,2025-12-16 08:18:46.069945,11,-0.0017160773277282715
A316,2025-12-16 09:18:46.069945,12,-0.0016214251518249512
A316,2025-12-16 10:18:46.069945,13,-0.001534879207611084
A316,2025-12-16 11:18:46.069945,14,-0.0014839768409729004
A316,2025-12-16 12:18:46.069945,15,-0.0014418959617614746
A316,2025-12-16 13:18:46.069945,16,-0.0014052391052246094
A316,2025-12-16 14:18:46.069945,17,-0.0013741850852966309
A316,2025-12-16 15:18:46.069945,18,-0.001355588436126709
A316,2025-12-16 16:18:46.069945,19,-0.001361072063446045
A316,2025-12-16 17:18:46.069945,20,-0.001347184181213379
A316,2025-12-16 18:18:46.069945,21,-0.0013544559478759766
A316,2025-12-16 19:18:46.069945,22,-0.0013442635536193848
A316,2025-12-16 20:18:46.069945,23,-0.0013603568077087402
A316,2025-12-16 21:18:46.069945,24,-0.001353532075881958
A316,2025-12-16 22:18:46.069945,25,-0.001369863748550415
A316,2025-12-16 23:18:46.069945,26,-0.0013699829578399658
A316,2025-12-17 00:18:46.069945,27,-0.0013696253299713135
A316,2025-12-17 01:18:46.069945,28,-0.0013662874698638916
A316,2025-12-17 02:18:46.069945,29,-0.0013608932495117188
A316,2025-12-17 03:18:46.069945,30,-0.0013785958290100098
A316,2025-12-17 04:18:46.069945,31,-0.0013699829578399658
A316,2025-12-17 05:18:46.069945,32,-0.0013816356658935547
A316,2025-12-17 06:18:46.069945,33,-0.0013882219791412354
A316,2025-12-17 07:18:46.069945,34,-0.0013937950134277344
A316,2025-12-17 08:18:46.069945,35,-0.0013751685619354248
A316,2025-12-17 09:18:46.069945,36,-0.001374572515487671
A316,2025-12-17 10:18:46.069945,37,-0.0013665854930877686
A316,2025-12-17 11:18:46.069945,38,-0.0013639330863952637
A316,2025-12-17 12:18:46.069945,39,-0.0013876259326934814
A316,2025-12-17 13:18:46.069945,40,-0.0013395845890045166
A316,2025-12-17 14:18:46.069945,41,-0.001359105110168457
A316,2025-12-17 15:18:46.069945,42,-0.001382380723953247
A316,2025-12-17 16:18:46.069945,43,-0.0013416409492492676
A316,2025-12-17 17:18:46.069945,44,-0.0013646483421325684
A316,2025-12-17 18:18:46.069945,45,-0.0013793706893920898
A316,2025-12-17 19:18:46.069945,46,-0.0013887882232666016
A316,2025-12-17 20:18:46.069945,47,-0.0013632476329803467
A316,2025-12-17 21:18:46.069945,48,-0.0013662278652191162
A4,2025-12-15 22:18:46.069945,1,-0.0036252737045288086
A4,2025-12-15 23:18:46.069945,2,-0.0034464001655578613
A4,2025-12-16 00:18:46.069945,3,-0.0032387971878051758
A4,2025-12-16 01:18:46.069945,4,-0.002982795238494873
A4,2025-12-16 02:18:46.069945,5,-0.002739250659942627
A4,2025-12-16 03:18:46.069945,6,-0.0025072097778320312
A4,2025-12-16 04:18:46.069945,7,-0.002288639545440674
A4,2025-12-16 05:18:46.069945,8,-0.0021141767501831055
A4,2025-12-16 06:18:46.069945,9,-0.001970052719116211
A4,2025-12-16 07:18:46.069945,10,-0.0018404722213745117
A4,2025-12-16 08:18:46.069945,11,-0.0017160773277282715
A4,2025-12-16 09:18:46.069945,12,-0.0016214251518249512
A4,2025-12-16 10:18:46.069945,13,-0.001534879207611084
A4,2025-12-16 11:18:46.069945,14,-0.0014839768409729004
A4,2025-12-16 12:18:46.069945,15,-0.0014418959617614746
A4,2025-12-16 13:18:46.069945,16,-0.0014052391052246094
A4,2025-12-16 14:18:46.069945,17,-0.0013741850852966309
A4,2025-12-16 15:18:46.069945,18,-0.001355588436126709
A4,2025-12-16 16:18:46.069945,19,-0.001361072063446045
A4,2025-12-16 17:18:46.069945,20,-0.001347184181213379
A4,2025-12-16 18:18:46.069945,21,-0.0013544559478759766
A4,2025-12-16 19:18:46.069945,22,-0.0013442635536193848
A4,2025-12-16 20:18:46.069945,23,-0.0013603568077087402
A4,2025-12-16 21:18:46.069945,24,-0.001353532075881958
A4,2025-12-16 22:18:46.069945,25,-0.001369863748550415
A4,2025-12-16 23:18:46.069945,26,-0.0013699829578399658
A4,2025-12-17 00:18:46.069945,27,-0.0013696253299713135
A4,2025-12-17 01:18:46.069945,28,-0.0013662874698638916
A4,2025-12-17 02:18:46.069945,29,-0.0013608932495117188
A4,2025-12-17 03:18:46.069945,30,-0.0013785958290100098
A4,2025-12-17 04:18:46.069945,31,-0.0013699829578399658
A4,2025-12-17 05:18:46.069945,32,-0.0013816356658935547
A4,2025-12-17 06:18:46.069945,33,-0.0013882219791412354
A4,2025-12-17 07:18:46.069945,34,-0.0013937950134277344
A4,2025-12-17 08:18:46.069945,35,-0.0013751685619354248
A4,2025-12-17 09:18:46.069945,36,-0.001374572515487671
A4,2025-12-17 10:18:46.069945,37,-0.0013665854930877686
A4,2025-12-17 11:18:46.069945,38,-0.0013639330863952637
A4,2025-12-17 12:18:46.069945,39,-0.0013876259326934814
A4,2025-12-17 13:18:46.069945,40,-0.0013395845890045166
A4,2025-12-17 14:18:46.069945,41,-0.001359105110168457
A4,2025-12-17 15:18:46.069945,42,-0.001382380723953247
A4,2025-12-17 16:18:46.069945,43,-0.0013416409492492676
A4,2025-12-17 17:18:46.069945,44,-0.0013646483421325684
A4,2025-12-17 18:18:46.069945,45,-0.0013793706893920898
A4,2025-12-17 19:18:46.069945,46,-0.0013887882232666016
A4,2025-12-17 20:18:46.069945,47,-0.0013632476329803467
A4,2025-12-17 21:18:46.069945,48,-0.0013662278652191162
A40,2025-12-15 22:18:46.069945,1,-0.0036252737045288086
A40,2025-12-15 23:18:46.069945,2,-0.0034464001655578613
A40,2025-12-16 00:18:46.069945,3,-0.0032387971878051758
A40,2025-12-16 01:18:46.069945,4,-0.002982795238494873
A40,2025-12-16 02:18:46.069945,5,-0.002739250659942627
A40,2025-12-16 03:18:46.069945,6,-0.0025072097778320312
A40,2025-12-16 04:18:46.069945,7,-0.002288639545440674
A40,2025-12-16 05:18:46.069945,8,-0.0021141767501831055
A40,2025-12-16 06:18:46.069945,9,-0.001970052719116211
A40,2025-12-16 07:18:46.069945,10,-0.0018404722213745117
A40,2025-12-16 08:18:46.069945,11,-0.0017160773277282715
A40,2025-12-16 09:18:46.069945,12,-0.0016214251518249512
A40,2025-12-16 10:18:46.069945,13,-0.001534879207611084
A40,2025-12-16 11:18:46.069945,14,-0.0014839768409729004
A40,2025-12-16 12:18:46.069945,15,-0.0014418959617614746
A40,2025-12-16 13:18:46.069945,16,-0.0014052391052246094
A40,2025-12-16 14:18:46.069945,17,-0.0013741850852966309
A40,2025-12-16 15:18:46.069945,18,-0.001355588436126709
A40,2025-12-16 16:18:46.069945,19,-0.001361072063446045
A40,2025-12-16 17:18:46.069945,20,-0.001347184181213379
A40,2025-12-16 18:18:46.069945,21,-0.0013544559478759766
A40,2025-12-16 19:18:46.069945,22,-0.0013442635536193848
A40,2025-12-16 20:18:46.069945,23,-0.0013603568077087402
A40,2025-12-16 21:18:46.069945,24,-0.001353532075881958
A40,2025-12-16 22:18:46.069945,25,-0.001369863748550415
A40,2025-12-16 23:18:46.069945,26,-0.0013699829578399658
A40,2025-12-17 00:18:46.069945,27,-0.0013696253299713135
A40,2025-12-17 01:18:46.069945,28,-0.0013662874698638916
A40,2025-12-17 02:18:46.069945,29,-0.0013608932495117188
A40,2025-12-17 03:18:46.069945,30,-0.0013785958290100098
A40,2025-12-17 04:18:46.069945,31,-0.0013699829578399658
A40,2025-12-17 05:18:46.069945,32,-0.0013816356658935547
A40,2025-12-17 06:18:46.069945,33,-0.0013882219791412354
A40,2025-12-17 07:18:46.069945,34,-0.0013937950134277344
A40,2025-12-17 08:18:46.069945,35,-0.0013751685619354248
A40,2025-12-17 09:18:46.069945,36,-0.001374572515487671
A40,2025-12-17 10:18:46.069945,37,-0.0013665854930877686
A40,2025-12-17 11:18:46.069945,38,-0.0013639330863952637
A40,2025-12-17 12:18:46.069945,39,-0.0013876259326934814
A40,2025-12-17 13:18:46.069945,40,-0.0013395845890045166
A40,2025-12-17 14:18:46.069945,41,-0.001359105110168457
A40,2025-12-17 15:18:46.069945,42,-0.001382380723953247
A40,2025-12-17 16:18:46.069945,43,-0.0013416409492492676
A40,2025-12-17 17:18:46.069945,44,-0.0013646483421325684
A40,2025-12-17 18:18:46.069945,45,-0.0013793706893920898
A40,2025-12-17 19:18:46.069945,46,-0.0013887882232666016
A40,2025-12-17 20:18:46.069945,47,-0.0013632476329803467
A40,2025-12-17 21:18:46.069945,48,-0.0013662278652191162
A41,2025-12-15 22:18:46.069945,1,-0.0036252737045288086
A41,2025-12-15 23:18:46.069945,2,-0.0034464001655578613
A41,2025-12-16 00:18:46.069945,3,-0.0032387971878051758
A41,2025-12-16 01:18:46.069945,4,-0.002982795238494873
A41,2025-12-16 02:18:46.069945,5,-0.002739250659942627
A41,2025-12-16 03:18:46.069945,6,-0.0025072097778320312
A41,2025-12-16 04:18:46.069945,7,-0.002288639545440674
A41,2025-12-16 05:18:46.069945,8,-0.0021141767501831055
A41,2025-12-16 06:18:46.069945,9,-0.001970052719116211
A41,2025-12-16 07:18:46.069945,10,-0.0018404722213745117
A41,2025-12-16 08:18:46.069945,11,-0.0017160773277282715
A41,2025-12-16 09:18:46.069945,12,-0.0016214251518249512
A41,2025-12-16 10:18:46.069945,13,-0.001534879207611084
A41,2025-12-16 11:18:46.069945,14,-0.0014839768409729004
A41,2025-12-16 12:18:46.069945,15,-0.0014418959617614746
A41,2025-12-16 13:18:46.069945,16,-0.0014052391052246094
A41,2025-12-16 14:18:46.069945,17,-0.0013741850852966309
A41,2025-12-16 15:18:46.069945,18,-0.001355588436126709
A41,2025-12-16 16:18:46.069945,19,-0.001361072063446045
A41,2025-12-16 17:18:46.069945,20,-0.001347184181213379
A41,2025-12-16 18:18:46.069945,21,-0.0013544559478759766
A41,2025-12-16 19:18:46.069945,22,-0.0013442635536193848
A41,2025-12-16 20:18:46.069945,23,-0.0013603568077087402
A41,2025-12-16 21:18:46.069945,24,-0.001353532075881958
A41,2025-12-16 22:18:46.069945,25,-0.001369863748550415
A41,2025-12-16 23:18:46.069945,26,-0.0013699829578399658
A41,2025-12-17 00:18:46.069945,27,-0.0013696253299713135
A41,2025-12-17 01:18:46.069945,28,-0.0013662874698638916
A41,2025-12-17 02:18:46.069945,29,-0.0013608932495117188
A41,2025-12-17 03:18:46.069945,30,-0.0013785958290100098
A41,2025-12-17 04:18:46.069945,31,-0.0013699829578399658
A41,2025-12-17 05:18:46.069945,32,-0.0013816356658935547
A41,2025-12-17 06:18:46.069945,33,-0.0013882219791412354
A41,2025-12-17 07:18:46.069945,34,-0.0013937950134277344
A41,2025-12-17 08:18:46.069945,35,-0.0013751685619354248
A41,2025-12-17 09:18:46.069945,36,-0.001374572515487671
A41,2025-12-17 10:18:46.069945,37,-0.0013665854930877686
A41,2025-12-17 11:18:46.069945,38,-0.0013639330863952637
A41,2025-12-17 12:18:46.069945,39,-0.0013876259326934814
A41,2025-12-17 13:18:46.069945,40,-0.0013395845890045166
A41,2025-12-17 14:18:46.069945,41,-0.001359105110168457
A41,2025-12-17 15:18:46.069945,42,-0.001382380723953247
A41,2025-12-17 16:18:46.069945,43,-0.0013416409492492676
A41,2025-12-17 17:18:46.069945,44,-0.0013646483421325684
A41,2025-12-17 18:18:46.069945,45,-0.0013793706893920898
A41,2025-12-17 19:18:46.069945,46,-0.0013887882232666016
A41,2025-12-17 20:18:46.069945,47,-0.0013632476329803467
A41,2025-12-17 21:18:46.069945,48,-0.0013662278652191162
Bishopsgate Cross Route,2025-12-15 22:18:46.069945,1,-0.0036252737045288086
Bishopsgate Cross Route,2025-12-15 23:18:46.069945,2,-0.0034464001655578613
Bishopsgate Cross Route,2025-12-16 00:18:46.069945,3,-0.0032387971878051758
Bishopsgate Cross Route,2025-12-16 01:18:46.069945,4,-0.002982795238494873
Bishopsgate Cross Route,2025-12-16 02:18:46.069945,5,-0.002739250659942627
Bishopsgate Cross Route,2025-12-16 03:18:46.069945,6,-0.0025072097778320312
Bishopsgate Cross Route,2025-12-16 04:18:46.069945,7,-0.002288639545440674
Bishopsgate Cross Route,2025-12-16 05:18:46.069945,8,-0.0021141767501831055
Bishopsgate Cross Route,2025-12-16 06:18:46.069945,9,-0.001970052719116211
Bishopsgate Cross Route,2025-12-16 07:18:46.069945,10,-0.0018404722213745117
Bishopsgate Cross Route,2025-12-16 08:18:46.069945,11,-0.0017160773277282715
Bishopsgate Cross Route,2025-12-16 09:18:46.069945,12,-0.0016214251518249512
Bishopsgate Cross Route,2025-12-16 10:18:46.069945,13,-0.001534879207611084
Bishopsgate Cross Route,2025-12-16 11:18:46.069945,14,-0.0014839768409729004
Bishopsgate Cross Route,2025-12-16 12:18:46.069945,15,-0.0014418959617614746
Bishopsgate Cross Route,2025-12-16 13:18:46.069945,16,-0.0014052391052246094
Bishopsgate Cross Route,2025-12-16 14:18:46.069945,17,-0.0013741850852966309
Bishopsgate Cross Route,2025-12-16 15:18:46.069945,18,-0.001355588436126709
Bishopsgate Cross Route,2025-12-16 16:18:46.069945,19,-0.001361072063446045
Bishopsgate Cross Route,2025-12-16 17:18:46.069945,20,-0.001347184181213379
Bishopsgate Cross Route,2025-12-16 18:18:46.069945,21,-0.0013544559478759766
Bishopsgate Cross Route,2025-12-16 19:18:46.069945,22,-0.0013442635536193848
Bishopsgate Cross Route,2025-12-16 20:18:46.069945,23,-0.0013603568077087402
Bishopsgate Cross Route,2025-12-16 21:18:46.069945,24,-0.001353532075881958
Bishopsgate Cross Route,2025-12-16 22:18:46.069945,25,-0.001369863748550415
Bishopsgate Cross Route,2025-12-16 23:18:46.069945,26,-0.0013699829578399658
Bishopsgate Cross Route,2025-12-17 00:18:46.069945,27,-0.0013696253299713135
Bishopsgate Cross Route,2025-12-17 01:18:46.069945,28,-0.0013662874698638916
Bishopsgate Cross Route,2025-12-17 02:18:46.069945,29,-0.0013608932495117188
Bishopsgate Cross Route,2025-12-17 03:18:46.069945,30,-0.0013785958290100098
Bishopsgate Cross Route,2025-12-17 04:18:46.069945,31,-0.0013699829578399658
Bishopsgate Cross Route,2025-12-17 05:18:46.069945,32,-0.0013816356658935547
Bishopsgate Cross Route,2025-12-17 06:18:46.069945,33,-0.0013882219791412354
Bishopsgate Cross Route,2025-12-17 07:18:46.069945,34,-0.0013937950134277344
Bishopsgate Cross Route,2025-12-17 08:18:46.069945,35,-0.0013751685619354248
Bishopsgate Cross Route,2025-12-17 09:18:46.069945,36,-0.001374572515487671
Bishopsgate Cross Route,2025-12-17 10:18:46.069945,37,-0.0013665854930877686
Bishopsgate Cross Route,2025-12-17 11:18:46.069945,38,-0.0013639330863952637
Bishopsgate Cross Route,2025-12-17 12:18:46.069945,39,-0.0013876259326934814
Bishopsgate Cross Route,2025-12-17 13:18:46.069945,40,-0.0013395845890045166
Bishopsgate Cross Route,2025-12-17 14:18:46.069945,41,-0.001359105110168457
Bishopsgate Cross Route,2025-12-17 15:18:46.069945,42,-0.001382380723953247
Bishopsgate Cross Route,2025-12-17 16:18:46.069945,43,-0.0013416409492492676
Bishopsgate Cross Route,2025-12-17 17:18:46.069945,44,-0.0013646483421325684
Bishopsgate Cross Route,2025-12-17 18:18:46.069945,45,-0.0013793706893920898
Bishopsgate Cross Route,2025-12-17 19:18:46.069945,46,-0.0013887882232666016
Bishopsgate Cross Route,2025-12-17 20:18:46.069945,47,-0.0013632476329803467
Bishopsgate Cross Route,2025-12-17 21:18:46.069945,48,-0.0013662278652191162
Blackwall Tunnel,2025-12-15 22:18:46.069945,1,-0.0036252737045288086
Blackwall Tunnel,2025-12-15 23:18:46.069945,2,-0.0034464001655578613
Blackwall Tunnel,2025-12-16 00:18:46.069945,3,-0.0032387971878051758
Blackwall Tunnel,2025-12-16 01:18:46.069945,4,-0.002982795238494873
Blackwall Tunnel,2025-12-16 02:18:46.069945,5,-0.002739250659942627
Blackwall Tunnel,2025-12-16 03:18:46.069945,6,-0.0025072097778320312
Blackwall Tunnel,2025-12-16 04:18:46.069945,7,-0.002288639545440674
Blackwall Tunnel,2025-12-16 05:18:46.069945,8,-0.0021141767501831055
Blackwall Tunnel,2025-12-16 06:18:46.069945,9,-0.001970052719116211
Blackwall Tunnel,2025-12-16 07:18:46.069945,10,-0.0018404722213745117
Blackwall Tunnel,2025-12-16 08:18:46.069945,11,-0.0017160773277282715
Blackwall Tunnel,2025-12-16 09:18:46.069945,12,-0.0016214251518249512
Blackwall Tunnel,2025-12-16 10:18:46.069945,13,-0.001534879207611084
Blackwall Tunnel,2025-12-16 11:18:46.069945,14,-0.0014839768409729004
Blackwall Tunnel,2025-12-16 12:18:46.069945,15,-0.0014418959617614746
Blackwall Tunnel,2025-12-16 13:18:46.069945,16,-0.0014052391052246094
Blackwall Tunnel,2025-12-16 14:18:46.069945,17,-0.0013741850852966309
Blackwall Tunnel,2025-12-16 15:18:46.069945,18,-0.001355588436126709
Blackwall Tunnel,2025-12-16 16:18:46.069945,19,-0.001361072063446045
Blackwall Tunnel,2025-12-16 17:18:46.069945,20,-0.001347184181213379
Blackwall Tunnel,2025-12-16 18:18:46.069945,21,-0.0013544559478759766
Blackwall Tunnel,2025-12-16 19:18:46.069945,22,-0.0013442635536193848
Blackwall Tunnel,2025-12-16 20:18:46.069945,23,-0.0013603568077087402
Blackwall Tunnel,2025-12-16 21:18:46.069945,24,-0.001353532075881958
Blackwall Tunnel,2025-12-16 22:18:46.069945,25,-0.001369863748550415
Blackwall Tunnel,2025-12-16 23:18:46.069945,26,-0.0013699829578399658
Blackwall Tunnel,2025-12-17 00:18:46.069945,27,-0.0013696253299713135
Blackwall Tunnel,2025-12-17 01:18:46.069945,28,-0.0013662874698638916
Blackwall Tunnel,2025-12-17 02:18:46.069945,29,-0.0013608932495117188
Blackwall Tunnel,2025-12-17 03:18:46.069945,30,-0.0013785958290100098
Blackwall Tunnel,2025-12-17 04:18:46.069945,31,-0.0013699829578399658
Blackwall Tunnel,2025-12-17 05:18:46.069945,32,-0.0013816356658935547
Blackwall Tunnel,2025-12-17 06:18:46.069945,33,-0.0013882219791412354
Blackwall Tunnel,2025-12-17 07:18:46.069945,34,-0.0013937950134277344
Blackwall Tunnel,2025-12-17 08:18:46.069945,35,-0.0013751685619354248
Blackwall Tunnel,2025-12-17 09:18:46.069945,36,-0.001374572515487671
Blackwall Tunnel,2025-12-17 10:18:46.069945,37,-0.0013665854930877686
Blackwall Tunnel,2025-12-17 11:18:46.069945,38,-0.0013639330863952637
Blackwall Tunnel,2025-12-17 12:18:46.069945,39,-0.0013876259326934814
Blackwall Tunnel,2025-12-17 13:18:46.069945,40,-0.0013395845890045166
Blackwall Tunnel,2025-12-17 14:18:46.069945,41,-0.001359105110168457
Blackwall Tunnel,2025-12-17 15:18:46.069945,42,-0.001382380723953247
Blackwall Tunnel,2025-12-17 16:18:46.069945,43,-0.0013416409492492676
Blackwall Tunnel,2025-12-17 17:18:46.069945,44,-0.0013646483421325684
Blackwall Tunnel,2025-12-17 18:18:46.069945,45,-0.0013793706893920898
Blackwall Tunnel,2025-12-17 19:18:46.069945,46,-0.0013887882232666016
Blackwall Tunnel,2025-12-17 20:18:46.069945,47,-0.0013632476329803467
Blackwall Tunnel,2025-12-17 21:18:46.069945,48,-0.0013662278652191162
City Route,2025-12-15 22:18:46.069945,1,-0.0036252737045288086
City Route,2025-12-15 23:18:46.069945,2,-0.0034464001655578613
City Route,2025-12-16 00:18:46.069945,3,-0.0032387971878051758
City Route,2025-12-16 01:18:46.069945,4,-0.002982795238494873
City Route,2025-12-16 02:18:46.069945,5,-0.002739250659942627
City Route,2025-12-16 03:18:46.069945,6,-0.0025072097778320312
City Route,2025-12-16 04:18:46.069945,7,-0.002288639545440674
City Route,2025-12-16 05:18:46.069945,8,-0.0021141767501831055
City Route,2025-12-16 06:18:46.069945,9,-0.001970052719116211
City Route,2025-12-16 07:18:46.069945,10,-0.0018404722213745117
City Route,2025-12-16 08:18:46.069945,11,-0.0017160773277282715
City Route,2025-12-16 09:18:46.069945,12,-0.0016214251518249512
City Route,2025-12-16 10:18:46.069945,13,-0.001534879207611084
City Route,2025-12-16 11:18:46.069945,14,-0.0014839768409729004
City Route,2025-12-16 12:18:46.069945,15,-0.0014418959617614746
City Route,2025-12-16 13:18:46.069945,16,-0.0014052391052246094
City Route,2025-12-16 14:18:46.069945,17,-0.0013741850852966309
City Route,2025-12-16 15:18:46.069945,18,-0.001355588436126709
City Route,2025-12-16 16:18:46.069945,19,-0.001361072063446045
City Route,2025-12-16 17:18:46.069945,20,-0.001347184181213379
City Route,2025-12-16 18:18:46.069945,21,-0.0013544559478759766
City Route,2025-12-16 19:18:46.069945,22,-0.0013442635536193848
City Route,2025-12-16 20:18:46.069945,23,-0.0013603568077087402
City Route,2025-12-16 21:18:46.069945,24,-0.001353532075881958
City Route,2025-12-16 22:18:46.069945,25,-0.001369863748550415
City Route,2025-12-16 23:18:46.069945,26,-0.0013699829578399658
City Route,2025-12-17 00:18:46.069945,27,-0.0013696253299713135
City Route,2025-12-17 01:18:46.069945,28,-0.0013662874698638916
City Route,2025-12-17 02:18:46.069945,29,-0.0013608932495117188
City Route,2025-12-17 03:18:46.069945,30,-0.0013785958290100098
City Route,2025-12-17 04:18:46.069945,31,-0.0013699829578399658
City Route,2025-12-17 05:18:46.069945,32,-0.0013816356658935547
City Route,2025-12-17 06:18:46.069945,33,-0.0013882219791412354
City Route,2025-12-17 07:18:46.069945,34,-0.0013937950134277344
City Route,2025-12-17 08:18:46.069945,35,-0.0013751685619354248
City Route,2025-12-17 09:18:46.069945,36,-0.001374572515487671
City Route,2025-12-17 10:18:46.069945,37,-0.0013665854930877686
City Route,2025-12-17 11:18:46.069945,38,-0.0013639330863952637
City Route,2025-12-17 12:18:46.069945,39,-0.0013876259326934814
City Route,2025-12-17 13:18:46.069945,40,-0.0013395845890045166
City Route,2025-12-17 14:18:46.069945,41,-0.001359105110168457
City Route,2025-12-17 15:18:46.069945,42,-0.001382380723953247
City Route,2025-12-17 16:18:46.069945,43,-0.0013416409492492676
City Route,2025-12-17 17:18:46.069945,44,-0.0013646483421325684
City Route,2025-12-17 18:18:46.069945,45,-0.0013793706893920898
City Route,2025-12-17 19:18:46.069945,46,-0.0013887882232666016
City Route,2025-12-17 20:18:46.069945,47,-0.0013632476329803467
City Route,2025-12-17 21:18:46.069945,48,-0.0013662278652191162
Farringdon Cross Route,2025-12-15 22:18:46.069945,1,-0.0036252737045288086
Farringdon Cross Route,2025-12-15 23:18:46.069945,2,-0.0034464001655578613
Farringdon Cross Route,2025-12-16 00:18:46.069945,3,-0.0032387971878051758
Farringdon Cross Route,2025-12-16 01:18:46.069945,4,-0.002982795238494873
Farringdon Cross Route,2025-12-16 02:18:46.069945,5,-0.002739250659942627
Farringdon Cross Route,2025-12-16 03:18:46.069945,6,-0.0025072097778320312
Farringdon Cross Route,2025-12-16 04:18:46.069945,7,-0.002288639545440674
Farringdon Cross Route,2025-12-16 05:18:46.069945,8,-0.0021141767501831055
Farringdon Cross Route,2025-12-16 06:18:46.069945,9,-0.001970052719116211
Farringdon Cross Route,2025-12-16 07:18:46.069945,10,-0.0018404722213745117
Farringdon Cross Route,2025-12-16 08:18:46.069945,11,-0.0017160773277282715
Farringdon Cross Route,2025-12-16 09:18:46.069945,12,-0.0016214251518249512
Farringdon Cross Route,2025-12-16 10:18:46.069945,13,-0.001534879207611084
Farringdon Cross Route,2025-12-16 11:18:46.069945,14,-0.0014839768409729004
Farringdon Cross Route,2025-12-16 12:18:46.069945,15,-0.0014418959617614746
Farringdon Cross Route,2025-12-16 13:18:46.069945,16,-0.0014052391052246094
Farringdon Cross Route,2025-12-16 14:18:46.069945,17,-0.0013741850852966309
Farringdon Cross Route,2025-12-16 15:18:46.069945,18,-0.001355588436126709
Farringdon Cross Route,2025-12-16 16:18:46.069945,19,-0.001361072063446045
Farringdon Cross Route,2025-12-16 17:18:46.069945,20,-0.001347184181213379
Farringdon Cross Route,2025-12-16 18:18:46.069945,21,-0.0013544559478759766
Farringdon Cross Route,2025-12-16 19:18:46.069945,22,-0.0013442635536193848
Farringdon Cross Route,2025-12-16 20:18:46.069945,23,-0.0013603568077087402
Farringdon Cross Route,2025-12-16 21:18:46.069945,24,-0.001353532075881958
Farringdon Cross Route,2025-12-16 22:18:46.069945,25,-0.001369863748550415
Farringdon Cross Route,2025-12-16 23:18:46.069945,26,-0.0013699829578399658
Farringdon Cross Route,2025-12-17 00:18:46.069945,27,-0.0013696253299713135
Farringdon Cross Route,2025-12-17 01:18:46.069945,28,-0.0013662874698638916
Farringdon Cross Route,2025-12-17 02:18:46.069945,29,-0.0013608932495117188
Farringdon Cross Route,2025-12-17 03:18:46.069945,30,-0.0013785958290100098
Farringdon Cross Route,2025-12-17 04:18:46.069945,31,-0.0013699829578399658
Farringdon Cross Route,2025-12-17 05:18:46.069945,32,-0.0013816356658935547
Farringdon Cross Route,2025-12-17 06:18:46.069945,33,-0.0013882219791412354
Farringdon Cross Route,2025-12-17 07:18:46.069945,34,-0.0013937950134277344
Farringdon Cross Route,2025-12-17 08:18:46.069945,35,-0.0013751685619354248
Farringdon Cross Route,2025-12-17 09:18:46.069945,36,-0.001374572515487671
Farringdon Cross Route,2025-12-17 10:18:46.069945,37,-0.0013665854930877686
Farringdon Cross Route,2025-12-17 11:18:46.069945,38,-0.0013639330863952637
Farringdon Cross Route,2025-12-17 12:18:46.069945,39,-0.0013876259326934814
Farringdon Cross Route,2025-12-17 13:18:46.069945,40,-0.0013395845890045166
Farringdon Cross Route,2025-12-17 14:18:46.069945,41,-0.001359105110168457
Farringdon Cross Route,2025-12-17 15:18:46.069945,42,-0.001382380723953247
Farringdon Cross Route,2025-12-17 16:18:46.069945,43,-0.0013416409492492676
Farringdon Cross Route,2025-12-17 17:18:46.069945,44,-0.0013646483421325684
Farringdon Cross Route,2025-12-17 18:18:46.069945,45,-0.0013793706893920898
Farringdon Cross Route,2025-12-17 19:18:46.069945,46,-0.0013887882232666016
Farringdon Cross Route,2025-12-17 20:18:46.069945,47,-0.0013632476329803467
Farringdon Cross Route,2025-12-17 21:18:46.069945,48,-0.0013662278652191162
Inner Ring,2025-12-15 22:18:46.069945,1,0.9819676876068115
Inner Ring,2025-12-15 23:18:46.069945,2,0.9757322669029236
Inner Ring,2025-12-16 00:18:46.069945,3,0.9701300859451294
Inner Ring,2025-12-16 01:18:46.069945,4,0.9632569551467896
Inner Ring,2025-12-16 02:18:46.069945,5,0.9560060501098633
Inner Ring,2025-12-16 03:18:46.069945,6,0.9436980485916138
Inner Ring,2025-12-16 04:18:46.069945,7,0.9335097074508667
Inner Ring,2025-12-16 05:18:46.069945,8,0.9245777130126953
Inner Ring,2025-12-16 06:18:46.069945,9,0.9179216623306274
Inner Ring,2025-12-16 07:18:46.069945,10,0.9111546874046326
Inner Ring,2025-12-16 08:18:46.069945,11,0.9043415784835815
Inner Ring,2025-12-16 09:18:46.069945,12,0.8946733474731445
Inner Ring,2025-12-16 10:18:46.069945,13,0.8910007476806641
Inner Ring,2025-12-16 11:18:46.069945,14,0.8829126358032227
Inner Ring,2025-12-16 12:18:46.069945,15,0.8776196241378784
Inner Ring,2025-12-16 13:18:46.069945,16,0.8715822696685791
Inner Ring,2025-12-16 14:18:46.069945,17,0.860571563243866
Inner Ring,2025-12-16 15:18:46.069945,18,0.8603581190109253
Inner Ring,2025-12-16 16:18:46.069945,19,0.8556313514709473
Inner Ring,2025-12-16 17:18:46.069945,20,0.8513752818107605
Inner Ring,2025-12-16 18:18:46.069945,21,0.8483597040176392
Inner Ring,2025-12-16 19:18:46.069945,22,0.8383398652076721
Inner Ring,2025-12-16 20:18:46.069945,23,0.827893853187561
Inner Ring,2025-12-16 21:18:46.069945,24,0.8273928165435791
Inner Ring,2025-12-16 22:18:46.069945,25,0.8208860158920288
Inner Ring,2025-12-16 23:18:46.069945,26,0.8168892860412598
Inner Ring,2025-12-17 00:18:46.069945,27,0.8085679411888123
Inner Ring,2025-12-17 01:18:46.069945,28,0.811113715171814
Inner Ring,2025-12-17 02:18:46.069945,29,0.8012632131576538
Inner Ring,2025-12-17 03:18:46.069945,30,0.7976245880126953
Inner Ring,2025-12-17 04:18:46.069945,31,0.7868695259094238
Inner Ring,2025-12-17 05:18:46.069945,32,0.7831869125366211
Inner Ring,2025-12-17 06:18:46.069945,33,0.7838899493217468
Inner Ring,2025-12-17 07:18:46.069945,34,0.7803353667259216
Inner Ring,2025-12-17 08:18:46.069945,35,0.7776994705200195
Inner Ring,2025-12-17 09:18:46.069945,36,0.765595555305481
Inner Ring,2025-12-17 10:18:46.069945,37,0.7631574273109436
Inner Ring,2025-12-17 11:18:46.069945,38,0.7536967992782593
Inner Ring,2025-12-17 12:18:46.069945,39,0.7571321725845337
Inner Ring,2025-12-17 13:18:46.069945,40,0.7447047233581543
Inner Ring,2025-12-17 14:18:46.069945,41,0.7421587705612183
Inner Ring,2025-12-17 15:18:46.069945,42,0.7451817989349365
Inner Ring,2025-12-17 16:18:46.069945,43,0.740068793296814
Inner Ring,2025-12-17 17:18:46.069945,44,0.7398531436920166
Inner Ring,2025-12-17 18:18:46.069945,45,0.7345882058143616
Inner Ring,2025-12-17 19:18:46.069945,46,0.7282090187072754
Inner Ring,2025-12-17 20:18:46.069945,47,0.7276798486709595
Inner Ring,2025-12-17 21:18:46.069945,48,0.7210317850112915
North Circular (A406),2025-12-15 22:18:46.069945,1,-0.0036252737045288086
North Circular (A406),2025-12-15 23:18:46.069945,2,-0.0034464001655578613
North Circular (A406),2025-12-16 00:18:46.069945,3,-0.0032387971878051758
North Circular (A406),2025-12-16 01:18:46.069945,4,-0.002982795238494873
North Circular (A406),2025-12-16 02:18:46.069945,5,-0.002739250659942627
North Circular (A406),2025-12-16 03:18:46.069945,6,-0.0025072097778320312
North Circular (A406),2025-12-16 04:18:46.069945,7,-0.002288639545440674
North Circular (A406),2025-12-16 05:18:46.069945,8,-0.0021141767501831055
North Circular (A406),2025-12-16 06:18:46.069945,9,-0.001970052719116211
North Circular (A406),2025-12-16 07:18:46.069945,10,-0.0018404722213745117
North Circular (A406),2025-12-16 08:18:46.069945,11,-0.0017160773277282715
North Circular (A406),2025-12-16 09:18:46.069945,12,-0.0016214251518249512
North Circular (A406),2025-12-16 10:18:46.069945,13,-0.001534879207611084
North Circular (A406),2025-12-16 11:18:46.069945,14,-0.0014839768409729004
North Circular (A406),2025-12-16 12:18:46.069945,15,-0.0014418959617614746
North Circular (A406),2025-12-16 13:18:46.069945,16,-0.0014052391052246094
North Circular (A406),2025-12-16 14:18:46.069945,17,-0.0013741850852966309
North Circular (A406),2025-12-16 15:18:46.069945,18,-0.001355588436126709
North Circular (A406),2025-12-16 16:18:46.069945,19,-0.001361072063446045
North Circular (A406),2025-12-16 17:18:46.069945,20,-0.001347184181213379
North Circular (A406),2025-12-16 18:18:46.069945,21,-0.0013544559478759766
North Circular (A406),2025-12-16 19:18:46.069945,22,-0.0013442635536193848
North Circular (A406),2025-12-16 20:18:46.069945,23,-0.0013603568077087402
North Circular (A406),2025-12-16 21:18:46.069945,24,-0.001353532075881958
North Circular (A406),2025-12-16 22:18:46.069945,25,-0.001369863748550415
North Circular (A406),2025-12-16 23:18:46.069945,26,-0.0013699829578399658
North Circular (A406),2025-12-17 00:18:46.069945,27,-0.0013696253299713135
North Circular (A406),2025-12-17 01:18:46.069945,28,-0.0013662874698638916
North Circular (A406),2025-12-17 02:18:46.069945,29,-0.0013608932495117188
North Circular (A406),2025-12-17 03:18:46.069945,30,-0.0013785958290100098
North Circular (A406),2025-12-17 04:18:46.069945,31,-0.0013699829578399658
North Circular (A406),2025-12-17 05:18:46.069945,32,-0.0013816356658935547
North Circular (A406),2025-12-17 06:18:46.069945,33,-0.0013882219791412354
North Circular (A406),2025-12-17 07:18:46.069945,34,-0.0013937950134277344
North Circular (A406),2025-12-17 08:18:46.069945,35,-0.0013751685619354248
North Circular (A406),2025-12-17 09:18:46.069945,36,-0.001374572515487671
North Circular (A406),2025-12-17 10:18:46.069945,37,-0.0013665854930877686
North Circular (A406),2025-12-17 11:18:46.069945,38,-0.0013639330863952637
North Circular (A406),2025-12-17 12:18:46.069945,39,-0.0013876259326934814
North Circular (A406),2025-12-17 13:18:46.069945,40,-0.0013395845890045166
North Circular (A406),2025-12-17 14:18:46.069945,41,-0.001359105110168457
North Circular (A406),2025-12-17 15:18:46.069945,42,-0.001382380723953247
North Circular (A406),2025-12-17 16:18:46.069945,43,-0.0013416409492492676
North Circular (A406),2025-12-17 17:18:46.069945,44,-0.0013646483421325684
North Circular (A406),2025-12-17 18:18:46.069945,45,-0.0013793706893920898
North Circular (A406),2025-12-17 19:18:46.069945,46,-0.0013887882232666016
North Circular (A406),2025-12-17 20:18:46.069945,47,-0.0013632476329803467
North Circular (A406),2025-12-17 21:18:46.069945,48,-0.0013662278652191162
Silvertown Tunnel,2025-12-15 22:18:46.069945,1,-0.0036252737045288086
Silvertown Tunnel,2025-12-15 23:18:46.069945,2,-0.0034464001655578613
Silvertown Tunnel,2025-12-16 00:18:46.069945,3,-0.0032387971878051758
Silvertown Tunnel,2025-12-16 01:18:46.069945,4,-0.002982795238494873
Silvertown Tunnel,2025-12-16 02:18:46.069945,5,-0.002739250659942627
Silvertown Tunnel,2025-12-16 03:18:46.069945,6,-0.0025072097778320312
Silvertown Tunnel,2025-12-16 04:18:46.069945,7,-0.002288639545440674
Silvertown Tunnel,2025-12-16 05:18:46.069945,8,-0.0021141767501831055
Silvertown Tunnel,2025-12-16 06:18:46.069945,9,-0.001970052719116211
Silvertown Tunnel,2025-12-16 07:18:46.069945,10,-0.0018404722213745117
Silvertown Tunnel,2025-12-16 08:18:46.069945,11,-0.0017160773277282715
Silvertown Tunnel,2025-12-16 09:18:46.069945,12,-0.0016214251518249512
Silvertown Tunnel,2025-12-16 10:18:46.069945,13,-0.001534879207611084
Silvertown Tunnel,2025-12-16 11:18:46.069945,14,-0.0014839768409729004
Silvertown Tunnel,2025-12-16 12:18:46.069945,15,-0.0014418959617614746
Silvertown Tunnel,2025-12-16 13:18:46.069945,16,-0.0014052391052246094
Silvertown Tunnel,2025-12-16 14:18:46.069945,17,-0.0013741850852966309
Silvertown Tunnel,2025-12-16 15:18:46.069945,18,-0.001355588436126709
Silvertown Tunnel,2025-12-16 16:18:46.069945,19,-0.001361072063446045
Silvertown Tunnel,2025-12-16 17:18:46.069945,20,-0.001347184181213379
Silvertown Tunnel,2025-12-16 18:18:46.069945,21,-0.0013544559478759766
Silvertown Tunnel,2025-12-16 19:18:46.069945,22,-0.0013442635536193848
Silvertown Tunnel,2025-12-16 20:18:46.069945,23,-0.0013603568077087402
Silvertown Tunnel,2025-12-16 21:18:46.069945,24,-0.001353532075881958
Silvertown Tunnel,2025-12-16 22:18:46.069945,25,-0.001369863748550415
Silvertown Tunnel,2025-12-16 23:18:46.069945,26,-0.0013699829578399658
Silvertown Tunnel,2025-12-17 00:18:46.069945,27,-0.0013696253299713135
Silvertown Tunnel,2025-12-17 01:18:46.069945,28,-0.0013662874698638916
Silvertown Tunnel,2025-12-17 02:18:46.069945,29,-0.0013608932495117188
Silvertown Tunnel,2025-12-17 03:18:46.069945,30,-0.0013785958290100098
Silvertown Tunnel,2025-12-17 04:18:46.069945,31,-0.0013699829578399658
Silvertown Tunnel,2025-12-17 05:18:46.069945,32,-0.0013816356658935547
Silvertown Tunnel,2025-12-17 06:18:46.069945,33,-0.0013882219791412354
Silvertown Tunnel,2025-12-17 07:18:46.069945,34,-0.0013937950134277344
Silvertown Tunnel,2025-12-17 08:18:46.069945,35,-0.0013751685619354248
Silvertown Tunnel,2025-12-17 09:18:46.069945,36,-0.001374572515487671
Silvertown Tunnel,2025-12-17 10:18:46.069945,37,-0.0013665854930877686
Silvertown Tunnel,2025-12-17 11:18:46.069945,38,-0.0013639330863952637
Silvertown Tunnel,2025-12-17 12:18:46.069945,39,-0.0013876259326934814
Silvertown Tunnel,2025-12-17 13:18:46.069945,40,-0.0013395845890045166
Silvertown Tunnel,2025-12-17 14:18:46.069945,41,-0.001359105110168457
Silvertown Tunnel,2025-12-17 15:18:46.069945,42,-0.001382380723953247
Silvertown Tunnel,2025-12-17 16:18:46.069945,43,-0.0013416409492492676
Silvertown Tunnel,2025-12-17 17:18:46.069945,44,-0.0013646483421325684
Silvertown Tunnel,2025-12-17 18:18:46.069945,45,-0.0013793706893920898
Silvertown Tunnel,2025-12-17 19:18:46.069945,46,-0.0013887882232666016
Silvertown Tunnel,2025-12-17 20:18:46.069945,47,-0.0013632476329803467
Silvertown Tunnel,2025-12-17 21:18:46.069945,48,-0.0013662278652191162
South Circular (A205),2025-12-15 22:18:46.069945,1,-0.0036252737045288086
South Circular (A205),2025-12-15 23:18:46.069945,2,-0.0034464001655578613
South Circular (A205),2025-12-16 00:18:46.069945,3,-0.0032387971878051758
South Circular (A205),2025-12-16 01:18:46.069945,4,-0.002982795238494873
South Circular (A205),2025-12-16 02:18:46.069945,5,-0.002739250659942627
South Circular (A205),2025-12-16 03:18:46.069945,6,-0.0025072097778320312
South Circular (A205),2025-12-16 04:18:46.069945,7,-0.002288639545440674
South Circular (A205),2025-12-16 05:18:46.069945,8,-0.0021141767501831055
South Circular (A205),2025-12-16 06:18:46.069945,9,-0.001970052719116211
South Circular (A205),2025-12-16 07:18:46.069945,10,-0.0018404722213745117
South Circular (A205),2025-12-16 08:18:46.069945,11,-0.0017160773277282715
South Circular (A205),2025-12-16 09:18:46.069945,12,-0.0016214251518249512
South Circular (A205),2025-12-16 10:18:46.069945,13,-0.001534879207611084
South Circular (A205),2025-12-16 11:18:46.069945,14,-0.0014839768409729004
South Circular (A205),2025-12-16 12:18:46.069945,15,-0.0014418959617614746
South Circular (A205),2025-12-16 13:18:46.069945,16,-0.0014052391052246094
South Circular (A205),2025-12-16 14:18:46.069945,17,-0.0013741850852966309
South Circular (A205),2025-12-16 15:18:46.069945,18,-0.001355588436126709
South Circular (A205),2025-12-16 16:18:46.069945,19,-0.001361072063446045
South Circular (A205),2025-12-16 17:18:46.069945,20,-0.001347184181213379
South Circular (A205),2025-12-16 18:18:46.069945,21,-0.0013544559478759766
South Circular (A205),2025-12-16 19:18:46.069945,22,-0.0013442635536193848
South Circular (A205),2025-12-16 20:18:46.069945,23,-0.0013603568077087402
South Circular (A205),2025-12-16 21:18:46.069945,24,-0.001353532075881958
South Circular (A205),2025-12-16 22:18:46.069945,25,-0.001369863748550415
South Circular (A205),2025-12-16 23:18:46.069945,26,-0.0013699829578399658
South Circular (A205),2025-12-17 00:18:46.069945,27,-0.0013696253299713135
South Circular (A205),2025-12-17 01:18:46.069945,28,-0.0013662874698638916
South Circular (A205),2025-12-17 02:18:46.069945,29,-0.0013608932495117188
South Circular (A205),2025-12-17 03:18:46.069945,30,-0.0013785958290100098
South Circular (A205),2025-12-17 04:18:46.069945,31,-0.0013699829578399658
South Circular (A205),2025-12-17 05:18:46.069945,32,-0.0013816356658935547
South Circular (A205),2025-12-17 06:18:46.069945,33,-0.0013882219791412354
South Circular (A205),2025-12-17 07:18:46.069945,34,-0.0013937950134277344
South Circular (A205),2025-12-17 08:18:46.069945,35,-0.0013751685619354248
South Circular (A205),2025-12-17 09:18:46.069945,36,-0.001374572515487671
South Circular (A205),2025-12-17 10:18:46.069945,37,-0.0013665854930877686
South Circular (A205),2025-12-17 11:18:46.069945,38,-0.0013639330863952637
South Circular (A205),2025-12-17 12:18:46.069945,39,-0.0013876259326934814
South Circular (A205),2025-12-17 13:18:46.069945,40,-0.0013395845890045166
South Circular (A205),2025-12-17 14:18:46.069945,41,-0.001359105110168457
South Circular (A205),2025-12-17 15:18:46.069945,42,-0.001382380723953247
South Circular (A205),2025-12-17 16:18:46.069945,43,-0.0013416409492492676
South Circular (A205),2025-12-17 17:18:46.069945,44,-0.0013646483421325684
South Circular (A205),2025-12-17 18:18:46.069945,45,-0.0013793706893920898
South Circular (A205),2025-12-17 19:18:46.069945,46,-0.0013887882232666016
South Circular (A205),2025-12-17 20:18:46.069945,47,-0.0013632476329803467
South Circular (A205),2025-12-17 21:18:46.069945,48,-0.0013662278652191162
Southern River Route,2025-12-15 22:18:46.069945,1,-0.0036252737045288086
Southern River Route,2025-12-15 23:18:46.069945,2,-0.0034464001655578613
Southern River Route,2025-12-16 00:18:46.069945,3,-0.0032387971878051758
Southern River Route,2025-12-16 01:18:46.069945,4,-0.002982795238494873
Southern River Route,2025-12-16 02:18:46.069945,5,-0.002739250659942627
Southern River Route,2025-12-16 03:18:46.069945,6,-0.0025072097778320312
Southern River Route,2025-12-16 04:18:46.069945,7,-0.002288639545440674
Southern River Route,2025-12-16 05:18:46.069945,8,-0.0021141767501831055
Southern River Route,2025-12-16 06:18:46.069945,9,-0.001970052719116211
Southern River Route,2025-12-16 07:18:46.069945,10,-0.0018404722213745117
Southern River Route,2025-12-16 08:18:46.069945,11,-0.0017160773277282715
Southern River Route,2025-12-16 09:18:46.069945,12,-0.0016214251518249512
Southern River Route,2025-12-16 10:18:46.069945,13,-0.001534879207611084
Southern River Route,2025-12-16 11:18:46.069945,14,-0.0014839768409729004
Southern River Route,2025-12-16 12:18:46.069945,15,-0.0014418959617614746
Southern River Route,2025-12-16 13:18:46.069945,16,-0.0014052391052246094
Southern River Route,2025-12-16 14:18:46.069945,17,-0.0013741850852966309
Southern River Route,2025-12-16 15:18:46.069945,18,-0.001355588436126709
Southern River Route,2025-12-16 16:18:46.069945,19,-0.001361072063446045
Southern River Route,2025-12-16 17:18:46.069945,20,-0.001347184181213379
Southern River Route,2025-12-16 18:18:46.069945,21,-0.0013544559478759766
Southern River Route,2025-12-16 19:18:46.069945,22,-0.0013442635536193848
Southern River Route,2025-12-16 20:18:46.069945,23,-0.0013603568077087402
Southern River Route,2025-12-16 21:18:46.069945,24,-0.001353532075881958
Southern River Route,2025-12-16 22:18:46.069945,25,-0.001369863748550415
Southern River Route,2025-12-16 23:18:46.069945,26,-0.0013699829578399658
Southern River Route,2025-12-17 00:18:46.069945,27,-0.0013696253299713135
Southern River Route,2025-12-17 01:18:46.069945,28,-0.0013662874698638916
Southern River Route,2025-12-17 02:18:46.069945,29,-0.0013608932495117188
Southern River Route,2025-12-17 03:18:46.069945,30,-0.0013785958290100098
Southern River Route,2025-12-17 04:18:46.069945,31,-0.0013699829578399658
Southern River Route,2025-12-17 05:18:46.069945,32,-0.0013816356658935547
Southern River Route,2025-12-17 06:18:46.069945,33,-0.0013882219791412354
Southern River Route,2025-12-17 07:18:46.069945,34,-0.0013937950134277344
Southern River Route,2025-12-17 08:18:46.069945,35,-0.0013751685619354248
Southern River Route,2025-12-17 09:18:46.069945,36,-0.001374572515487671
Southern River Route,2025-12-17 10:18:46.069945,37,-0.0013665854930877686
Southern River Route,2025-12-17 11:18:46.069945,38,-0.0013639330863952637
Southern River Route,2025-12-17 12:18:46.069945,39,-0.0013876259326934814
Southern River Route,2025-12-17 13:18:46.069945,40,-0.0013395845890045166
Southern River Route,2025-12-17 14:18:46.069945,41,-0.001359105110168457
Southern River Route,2025-12-17 15:18:46.069945,42,-0.001382380723953247
Southern River Route,2025-12-17 16:18:46.069945,43,-0.0013416409492492676
Southern River Route,2025-12-17 17:18:46.069945,44,-0.0013646483421325684
Southern River Route,2025-12-17 18:18:46.069945,45,-0.0013793706893920898
Southern River Route,2025-12-17 19:18:46.069945,46,-0.0013887882232666016
Southern River Route,2025-12-17 20:18:46.069945,47,-0.0013632476329803467
Southern River Route,2025-12-17 21:18:46.069945,48,-0.0013662278652191162
Western Cross Route,2025-12-15 22:18:46.069945,1,-0.0036252737045288086
Western Cross Route,2025-12-15 23:18:46.069945,2,-0.0034464001655578613
Western Cross Route,2025-12-16 00:18:46.069945,3,-0.0032387971878051758
Western Cross Route,2025-12-16 01:18:46.069945,4,-0.002982795238494873
Western Cross Route,2025-12-16 02:18:46.069945,5,-0.002739250659942627
Western Cross Route,2025-12-16 03:18:46.069945,6,-0.0025072097778320312
Western Cross Route,2025-12-16 04:18:46.069945,7,-0.002288639545440674
Western Cross Route,2025-12-16 05:18:46.069945,8,-0.0021141767501831055
Western Cross Route,2025-12-16 06:18:46.069945,9,-0.001970052719116211
Western Cross Route,2025-12-16 07:18:46.069945,10,-0.0018404722213745117
Western Cross Route,2025-12-16 08:18:46.069945,11,-0.0017160773277282715
Western Cross Route,2025-12-16 09:18:46.069945,12,-0.0016214251518249512
Western Cross Route,2025-12-16 10:18:46.069945,13,-0.001534879207611084
Western Cross Route,2025-12-16 11:18:46.069945,14,-0.0014839768409729004
Western Cross Route,2025-12-16 12:18:46.069945,15,-0.0014418959617614746
Western Cross Route,2025-12-16 13:18:46.069945,16,-0.0014052391052246094
Western Cross Route,2025-12-16 14:18:46.069945,17,-0.0013741850852966309
Western Cross Route,2025-12-16 15:18:46.069945,18,-0.001355588436126709
Western Cross Route,2025-12-16 16:18:46.069945,19,-0.001361072063446045
Western Cross Route,2025-12-16 17:18:46.069945,20,-0.001347184181213379
Western Cross Route,2025-12-16 18:18:46.069945,21,-0.0013544559478759766
Western Cross Route,2025-12-16 19:18:46.069945,22,-0.0013442635536193848
Western Cross Route,2025-12-16 20:18:46.069945,23,-0.0013603568077087402
Western Cross Route,2025-12-16 21:18:46.069945,24,-0.001353532075881958
Western Cross Route,2025-12-16 22:18:46.069945,25,-0.001369863748550415
Western Cross Route,2025-12-16 23:18:46.069945,26,-0.0013699829578399658
Western Cross Route,2025-12-17 00:18:46.069945,27,-0.0013696253299713135
Western Cross Route,2025-12-17 01:18:46.069945,28,-0.0013662874698638916
Western Cross Route,2025-12-17 02:18:46.069945,29,-0.0013608932495117188
Western Cross Route,2025-12-17 03:18:46.069945,30,-0.0013785958290100098
Western Cross Route,2025-12-17 04:18:46.069945,31,-0.0013699829578399658
Western Cross Route,2025-12-17 05:18:46.069945,32,-0.0013816356658935547
Western Cross Route,2025-12-17 06:18:46.069945,33,-0.0013882219791412354
Western Cross Route,2025-12-17 07:18:46.069945,34,-0.0013937950134277344
Western Cross Route,2025-12-17 08:18:46.069945,35,-0.0013751685619354248
Western Cross Route,2025-12-17 09:18:46.069945,36,-0.001374572515487671
Western Cross Route,2025-12-17 10:18:46.069945,37,-0.0013665854930877686
Western Cross Route,2025-12-17 11:18:46.069945,38,-0.0013639330863952637
Western Cross Route,2025-12-17 12:18:46.069945,39,-0.0013876259326934814
Western Cross Route,2025-12-17 13:18:46.069945,40,-0.0013395845890045166
Western Cross Route,2025-12-17 14:18:46.069945,41,-0.001359105110168457
Western Cross Route,2025-12-17 15:18:46.069945,42,-0.001382380723953247
Western Cross Route,2025-12-17 16:18:46.069945,43,-0.0013416409492492676
Western Cross Route,2025-12-17 17:18:46.069945,44,-0.0013646483421325684
Western Cross Route,2025-12-17 18:18:46.069945,45,-0.0013793706893920898
Western Cross Route,2025-12-17 19:18:46.069945,46,-0.0013887882232666016
Western Cross Route,2025-12-17 20:18:46.069945,47,-0.0013632476329803467
Western Cross Route,2025-12-17 21:18:46.069945,48,-0.0013662278652191162
