A1,Good,No Exceptional Delays,2025-11-09 20:23:38.316918
A10,Good,No Exceptional Delays,2025-11-09 20:23:38.316918
A12,Good,No Exceptional Delays,2025-11-09 20:23:38.316918
A13,Good,No Exceptional Delays,2025-11-09 20:23:38.316918
A2,Good,No Exceptional Delays,2025-11-09 20:23:38.316918
A20,Good,No Exceptional Delays,2025-11-09 20:23:38.316918
South Circular (A205),Good,No Exceptional Delays,2025-11-09 20:23:38.316918
A21,Good,No Exceptional Delays,2025-11-09 20:23:38.316918
A23,Good,No Exceptional Delays,2025-11-09 20:23:38.316918
A24,Good,No Exceptional Delays,2025-11-09 20:23:38.316918
A3,Good,No Exceptional Delays,2025-11-09 20:23:38.316918
A316,Good,No Exceptional Delays,2025-11-09 20:23:38.316918
A4,Good,No Exceptional Delays,2025-11-09 20:23:38.316918
A40,Good,No Exceptional Delays,2025-11-09 20:23:38.316918
North Circular (A406),Good,No Exceptional Delays,2025-11-09 20:23:38.316918
A41,Good,No Exceptional Delays,2025-11-09 20:23:38.316918
Bishopsgate Cross Route,Good,No Exceptional Delays,2025-11-09 20:23:38.316918
Blackwall Tunnel,Good,No Exceptional Delays,2025-11-09 20:23:38.316918
City Route,Good,No Exceptional Delays,2025-11-09 20:23:38.316918
Farringdon Cross Route,Good,No Exceptional Delays,2025-11-09 20:23:38.316918
Inner Ring,Good,No Exceptional Delays,2025-11-09 20:23:38.316918
Silvertown Tunnel,Good,No Exceptional Delays,2025-11-09 20:23:38.316918
Southern River Route,Good,No Exceptional Delays,2025-11-09 20:23:38.316918
Western Cross Route,Good,No Exceptional Delays,2025-11-09 20:23:38.316918
A1,Good,No Exceptional Delays,2025-11-09 20:24:38.734416
A10,Good,No Exceptional Delays,2025-11-09 20:24:38.734416
A12,Good,No Exceptional Delays,2025-11-09 20:24:38.734416
A13,Good,No Exceptional Delays,2025-11-09 20:24:38.734416
A2,Good,No Exceptional Delays,2025-11-09 20:24:38.734416
A20,Good,No Exceptional Delays,2025-11-09 20:24:38.734416
South Circular (A205),Good,No Exceptional Delays,2025-11-09 20:24:38.734416
A21,Good,No Exceptional Delays,2025-11-09 20:24:38.734416
A23,Good,No Exceptional Delays,2025-11-09 20:24:38.734416
A24,Good,No Exceptional Delays,2025-11-09 20:24:38.734416
A3,Good,No Exceptional Delays,2025-11-09 20:24:38.734416
A316,Good,No Exceptional Delays,2025-11-09 20:24:38.734416
A4,Good,No Exceptional Delays,2025-11-09 20:24:38.734416
A40,Good,No Exceptional Delays,2025-11-09 20:24:38.734416
North Circular (A406),Good,No Exceptional Delays,2025-11-09 20:24:38.734416
A41,Good,No Exceptional Delays,2025-11-09 20:24:38.734416
Bishopsgate Cross Route,Good,No Exceptional Delays,2025-11-09 20:24:38.734416
Blackwall Tunnel,Good,No Exceptional Delays,2025-11-09 20:24:38.734416
City Route,Good,No Exceptional Delays,2025-11-09 20:24:38.734416
Farringdon Cross Route,Good,No Exceptional Delays,2025-11-09 20:24:38.734416
Inner Ring,Good,No Exceptional Delays,2025-11-09 20:24:38.734416
Silvertown Tunnel,Good,No Exceptional Delays,2025-11-09 20:24:38.734416
Southern River Route,Good,No Exceptional Delays,2025-11-09 20:24:38.734416
Western Cross Route,Good,No Exceptional Delays,2025-11-09 20:24:38.734416
A1,Good,No Exceptional Delays,2025-11-09 20:25:38.971141
A10,Good,No Exceptional Delays,2025-11-09 20:25:38.971141
A12,Good,No Exceptional Delays,2025-11-09 20:25:38.971141
A13,Good,No Exceptional Delays,2025-11-09 20:25:38.971141
A2,Good,No Exceptional Delays,2025-11-09 20:25:38.971141
A20,Good,No Exceptional Delays,2025-11-09 20:25:38.971141
South Circular (A205),Good,No Exceptional Delays,2025-11-09 20:25:38.971141
A21,Good,No Exceptional Delays,2025-11-09 20:25:38.971141
A23,Good,No Exceptional Delays,2025-11-09 20:25:38.971141
A24,Good,No Exceptional Delays,2025-11-09 20:25:38.971141
A3,Good,No Exceptional Delays,2025-11-09 20:25:38.971141
A316,Good,No Exceptional Delays,2025-11-09 20:25:38.971141
A4,Good,No Exceptional Delays,2025-11-09 20:25:38.971141
A40,Good,No Exceptional Delays,2025-11-09 20:25:38.971141
North Circular (A406),Good,No Exceptional Delays,2025-11-09 20:25:38.971141
A41,Good,No Exceptional Delays,2025-11-09 20:25:38.971141
Bishopsgate Cross Route,Good,No Exceptional Delays,2025-11-09 20:25:38.971141
Blackwall Tunnel,Good,No Exceptional Delays,2025-11-09 20:25:38.971141
City Route,Good,No Exceptional Delays,2025-11-09 20:25:38.971141
Farringdon Cross Route,Good,No Exceptional Delays,2025-11-09 20:25:38.971141
Inner Ring,Good,No Exceptional Delays,2025-11-09 20:25:38.971141
Silvertown Tunnel,Good,No Exceptional Delays,2025-11-09 20:25:38.971141
Southern River Route,Good,No Exceptional Delays,2025-11-09 20:25:38.971141
Western Cross Route,Good,No Exceptional Delays,2025-11-09 20:25:38.971141
A1,Good,No Exceptional Delays,2025-11-09 20:26:39.203275
A10,Good,No Exceptional Delays,2025-11-09 20:26:39.203275
A12,Good,No Exceptional Delays,2025-11-09 20:26:39.203275
A13,Good,No Exceptional Delays,2025-11-09 20:26:39.203275
A2,Good,No Exceptional Delays,2025-11-09 20:26:39.203275
A20,Good,No Exceptional Delays,2025-11-09 20:26:39.203275
South Circular (A205),Good,No Exceptional Delays,2025-11-09 20:26:39.203275
A21,Good,No Exceptional Delays,2025-11-09 20:26:39.203275
A23,Good,No Exceptional Delays,2025-11-09 20:26:39.203275
A24,Good,No Exceptional Delays,2025-11-09 20:26:39.203275
A3,Good,No Exceptional Delays,2025-11-09 20:26:39.203275
A316,Good,No Exceptional Delays,2025-11-09 20:26:39.203275
A4,Good,No Exceptional Delays,2025-11-09 20:26:39.203275
A40,Good,No Exceptional Delays,2025-11-09 20:26:39.203275
North Circular (A406),Good,No Exceptional Delays,2025-11-09 20:26:39.203275
A41,Good,No Exceptional Delays,2025-11-09 20:26:39.203275
Bishopsgate Cross Route,Good,No Exceptional Delays,2025-11-09 20:26:39.203275
Blackwall Tunnel,Good,No Exceptional Delays,2025-11-09 20:26:39.203275
City Route,Good,No Exceptional Delays,2025-11-09 20:26:39.203275
Farringdon Cross Route,Good,No Exceptional Delays,2025-11-09 20:26:39.203275
Inner Ring,Good,No Exceptional Delays,2025-11-09 20:26:39.203275
Silvertown Tunnel,Good,No Exceptional Delays,2025-11-09 20:26:39.203275
Southern River Route,Good,No Exceptional Delays,2025-11-09 20:26:39.203275
Western Cross Route,Good,No Exceptional Delays,2025-11-09 20:26:39.203275
A1,Good,No Exceptional Delays,2025-11-09 20:27:39.514283
A10,Good,No Exceptional Delays,2025-11-09 20:27:39.514283
A12,Good,No Exceptional Delays,2025-11-09 20:27:39.514283
A13,Good,No Exceptional Delays,2025-11-09 20:27:39.514283
A2,Good,No Exceptional Delays,2025-11-09 20:27:39.514283
A20,Good,No Exceptional Delays,2025-11-09 20:27:39.514283
South Circular (A205),Good,No Exceptional Delays,2025-11-09 20:27:39.514283
A21,Good,No Exceptional Delays,2025-11-09 20:27:39.514283
A23,Good,No Exceptional Delays,2025-11-09 20:27:39.514283
A24,Good,No Exceptional Delays,2025-11-09 20:27:39.514283
A3,Good,No Exceptional Delays,2025-11-09 20:27:39.514283
A316,Good,No Exceptional Delays,2025-11-09 20:27:39.514283
A4,Good,No Exceptional Delays,2025-11-09 20:27:39.514283
A40,Good,No Exceptional Delays,2025-11-09 20:27:39.514283
North Circular (A406),Good,No Exceptional Delays,2025-11-09 20:27:39.514283
A41,Good,No Exceptional Delays,2025-11-09 20:27:39.514283
Bishopsgate Cross Route,Good,No Exceptional Delays,2025-11-09 20:27:39.514283
Blackwall Tunnel,Good,No Exceptional Delays,2025-11-09 20:27:39.514283
City Route,Good,No Exceptional Delays,2025-11-09 20:27:39.514283
Farringdon Cross Route,Good,No Exceptional Delays,2025-11-09 20:27:39.514283
Inner Ring,Good,No Exceptional Delays,2025-11-09 20:27:39.514283
Silvertown Tunnel,Good,No Exceptional Delays,2025-11-09 20:27:39.514283
Southern River Route,Good,No Exceptional Delays,2025-11-09 20:27:39.514283
Western Cross Route,Good,No Exceptional Delays,2025-11-09 20:27:39.514283
A1,Good,No Exceptional Delays,2025-11-09 20:28:39.807941
A10,Good,No Exceptional Delays,2025-11-09 20:28:39.807941
A12,Good,No Exceptional Delays,2025-11-09 20:28:39.807941
A13,Good,No Exceptional Delays,2025-11-09 20:28:39.807941
A2,Good,No Exceptional Delays,2025-11-09 20:28:39.807941
A20,Good,No Exceptional Delays,2025-11-09 20:28:39.807941
South Circular (A205),Good,No Exceptional Delays,2025-11-09 20:28:39.807941
A21,Good,No Exceptional Delays,2025-11-09 20:28:39.807941
A23,Good,No Exceptional Delays,2025-11-09 20:28:39.807941
A24,Good,No Exceptional Delays,2025-11-09 20:28:39.807941
A3,Good,No Exceptional Delays,2025-11-09 20:28:39.807941
A316,Good,No Exceptional Delays,2025-11-09 20:28:39.807941
A4,Good,No Exceptional Delays,2025-11-09 20:28:39.807941
A40,Good,No Exceptional Delays,2025-11-09 20:28:39.807941
North Circular (A406),Good,No Exceptional Delays,2025-11-09 20:28:39.807941
A41,Good,No Exceptional Delays,2025-11-09 20:28:39.807941
Bishopsgate Cross Route,Good,No Exceptional Delays,2025-11-09 20:28:39.807941
Blackwall Tunnel,Good,No Exceptional Delays,2025-11-09 20:28:39.807941
City Route,Good,No Exceptional Delays,2025-11-09 20:28:39.807941
Farringdon Cross Route,Good,No Exceptional Delays,2025-11-09 20:28:39.807941
Inner Ring,Good,No Exceptional Delays,2025-11-09 20:28:39.807941
Silvertown Tunnel,Good,No Exceptional Delays,2025-11-09 20:28:39.807941
Southern River Route,Good,No Exceptional Delays,2025-11-09 20:28:39.807941
Western Cross Route,Good,No Exceptional Delays,2025-11-09 20:28:39.807941
A1,Good,No Exceptional Delays,2025-11-09 20:29:40.298230
A10,Good,No Exceptional Delays,2025-11-09 20:29:40.298230
A12,Good,No Exceptional Delays,2025-11-09 20:29:40.298230
A13,Good,No Exceptional Delays,2025-11-09 20:29:40.298230
A2,Good,No Exceptional Delays,2025-11-09 20:29:40.298230
A20,Good,No Exceptional Delays,2025-11-09 20:29:40.298230
South Circular (A205),Good,No Exceptional Delays,2025-11-09 20:29:40.298230
A21,Good,No Exceptional Delays,2025-11-09 20:29:40.298230
A23,Good,No Exceptional Delays,2025-11-09 20:29:40.298230
A24,Good,No Exceptional Delays,2025-11-09 20:29:40.298230
A3,Good,No Exceptional Delays,2025-11-09 20:29:40.298230
A316,Good,No Exceptional Delays,2025-11-09 20:29:40.298230
A4,Good,No Exceptional Delays,2025-11-09 20:29:40.298230
A40,Good,No Exceptional Delays,2025-11-09 20:29:40.298230
North Circular (A406),Good,No Exceptional Delays,2025-11-09 20:29:40.298230
A41,Good,No Exceptional Delays,2025-11-09 20:29:40.298230
Bishopsgate Cross Route,Good,No Exceptional Delays,2025-11-09 20:29:40.298230
Blackwall Tunnel,Good,No Exceptional Delays,2025-11-09 20:29:40.298230
City Route,Good,No Exceptional Delays,2025-11-09 20:29:40.298230
Farringdon Cross Route,Good,No Exceptional Delays,2025-11-09 20:29:40.298230
Inner Ring,Good,No Exceptional Delays,2025-11-09 20:29:40.298230
Silvertown Tunnel,Good,No Exceptional Delays,2025-11-09 20:29:40.298230
Southern River Route,Good,No Exceptional Delays,2025-11-09 20:29:40.298230
Western Cross Route,Good,No Exceptional Delays,2025-11-09 20:29:40.298230
A1,Good,No Exceptional Delays,2025-11-09 20:30:40.523136
A10,Good,No Exceptional Delays,2025-11-09 20:30:40.523136
A12,Good,No Exceptional Delays,2025-11-09 20:30:40.523136
A13,Good,No Exceptional Delays,2025-11-09 20:30:40.523136
A2,Good,No Exceptional Delays,2025-11-09 20:30:40.523136
A20,Good,No Exceptional Delays,2025-11-09 20:30:40.523136
South Circular (A205),Good,No Exceptional Delays,2025-11-09 20:30:40.523136
A21,Good,No Exceptional Delays,2025-11-09 20:30:40.523136
A23,Good,No Exceptional Delays,2025-11-09 20:30:40.523136
A24,Good,No Exceptional Delays,2025-11-09 20:30:40.523136
A3,Good,No Exceptional Delays,2025-11-09 20:30:40.523136
A316,Good,No Exceptional Delays,2025-11-09 20:30:40.523136
A4,Good,No Exceptional Delays,2025-11-09 20:30:40.523136
A40,Good,No Exceptional Delays,2025-11-09 20:30:40.523136
North Circular (A406),Good,No Exceptional Delays,2025-11-09 20:30:40.523136
A41,Good,No Exceptional Delays,2025-11-09 20:30:40.523136
Bishopsgate Cross Route,Good,No Exceptional Delays,2025-11-09 20:30:40.523136
Blackwall Tunnel,Good,No Exceptional Delays,2025-11-09 20:30:40.523136
City Route,Good,No Exceptional Delays,2025-11-09 20:30:40.523136
Farringdon Cross Route,Good,No Exceptional Delays,2025-11-09 20:30:40.523136
Inner Ring,Good,No Exceptional Delays,2025-11-09 20:30:40.523136
Silvertown Tunnel,Good,No Exceptional Delays,2025-11-09 20:30:40.523136
Southern River Route,Good,No Exceptional Delays,2025-11-09 20:30:40.523136
Western Cross Route,Good,No Exceptional Delays,2025-11-09 20:30:40.523136
A1,Good,No Exceptional Delays,2025-11-09 20:31:40.819254
A10,Good,No Exceptional Delays,2025-11-09 20:31:40.819254
A12,Good,No Exceptional Delays,2025-11-09 20:31:40.819254
A13,Good,No Exceptional Delays,2025-11-09 20:31:40.819254
A2,Good,No Exceptional Delays,2025-11-09 20:31:40.819254
A20,Good,No Exceptional Delays,2025-11-09 20:31:40.819254
South Circular (A205),Good,No Exceptional Delays,2025-11-09 20:31:40.819254
A21,Good,No Exceptional Delays,2025-11-09 20:31:40.819254
A23,Good,No Exceptional Delays,2025-11-09 20:31:40.819254
A24,Good,No Exceptional Delays,2025-11-09 20:31:40.819254
A3,Good,No Exceptional Delays,2025-11-09 20:31:40.819254
A316,Good,No Exceptional Delays,2025-11-09 20:31:40.819254
A4,Good,No Exceptional Delays,2025-11-09 20:31:40.819254
A40,Good,No Exceptional Delays,2025-11-09 20:31:40.819254
North Circular (A406),Good,No Exceptional Delays,2025-11-09 20:31:40.819254
A41,Good,No Exceptional Delays,2025-11-09 20:31:40.819254
Bishopsgate Cross Route,Good,No Exceptional Delays,2025-11-09 20:31:40.819254
Blackwall Tunnel,Good,No Exceptional Delays,2025-11-09 20:31:40.819254
City Route,Good,No Exceptional Delays,2025-11-09 20:31:40.819254
Farringdon Cross Route,Good,No Exceptional Delays,2025-11-09 20:31:40.819254
Inner Ring,Good,No Exceptional Delays,2025-11-09 20:31:40.819254
Silvertown Tunnel,Good,No Exceptional Delays,2025-11-09 20:31:40.819254
Southern River Route,Good,No Exceptional Delays,2025-11-09 20:31:40.819254
Western Cross Route,Good,No Exceptional Delays,2025-11-09 20:31:40.819254
A1,Good,No Exceptional Delays,2025-11-09 20:32:41.235617
A10,Good,No Exceptional Delays,2025-11-09 20:32:41.235617
A12,Good,No Exceptional Delays,2025-11-09 20:32:41.235617
A13,Good,No Exceptional Delays,2025-11-09 20:32:41.235617
A2,Good,No Exceptional Delays,2025-11-09 20:32:41.235617
A20,Good,No Exceptional Delays,2025-11-09 20:32:41.235617
South Circular (A205),Good,No Exceptional Delays,2025-11-09 20:32:41.235617
A21,Good,No Exceptional Delays,2025-11-09 20:32:41.235617
A23,Good,No Exceptional Delays,2025-11-09 20:32:41.235617
A24,Good,No Exceptional Delays,2025-11-09 20:32:41.235617
A3,Good,No Exceptional Delays,2025-11-09 20:32:41.235617
A316,Good,No Exceptional Delays,2025-11-09 20:32:41.235617
A4,Good,No Exceptional Delays,2025-11-09 20:32:41.235617
A40,Good,No Exceptional Delays,2025-11-09 20:32:41.235617
North Circular (A406),Good,No Exceptional Delays,2025-11-09 20:32:41.235617
A41,Good,No Exceptional Delays,2025-11-09 20:32:41.235617
Bishopsgate Cross Route,Good,No Exceptional Delays,2025-11-09 20:32:41.235617
Blackwall Tunnel,Good,No Exceptional Delays,2025-11-09 20:32:41.235617
City Route,Good,No Exceptional Delays,2025-11-09 20:32:41.235617
Farringdon Cross Route,Good,No Exceptional Delays,2025-11-09 20:32:41.235617
Inner Ring,Good,No Exceptional Delays,2025-11-09 20:32:41.235617
Silvertown Tunnel,Good,No Exceptional Delays,2025-11-09 20:32:41.235617
Southern River Route,Good,No Exceptional Delays,2025-11-09 20:32:41.235617
Western Cross Route,Good,No Exceptional Delays,2025-11-09 20:32:41.235617
A1,Good,No Exceptional Delays,2025-11-09 20:33:41.503224
A10,Good,No Exceptional Delays,2025-11-09 20:33:41.503224
A12,Good,No Exceptional Delays,2025-11-09 20:33:41.503224
A13,Good,No Exceptional Delays,2025-11-09 20:33:41.503224
A2,Good,No Exceptional Delays,2025-11-09 20:33:41.503224
A20,Good,No Exceptional Delays,2025-11-09 20:33:41.503224
South Circular (A205),Good,No Exceptional Delays,2025-11-09 20:33:41.503224
A21,Good,No Exceptional Delays,2025-11-09 20:33:41.503224
A23,Good,No Exceptional Delays,2025-11-09 20:33:41.503224
A24,Good,No Exceptional Delays,2025-11-09 20:33:41.503224
A3,Good,No Exceptional Delays,2025-11-09 20:33:41.503224
A316,Good,No Exceptional Delays,2025-11-09 20:33:41.503224
A4,Good,No Exceptional Delays,2025-11-09 20:33:41.503224
A40,Good,No Exceptional Delays,2025-11-09 20:33:41.503224
North Circular (A406),Good,No Exceptional Delays,2025-11-09 20:33:41.503224
A41,Good,No Exceptional Delays,2025-11-09 20:33:41.503224
Bishopsgate Cross Route,Good,No Exceptional Delays,2025-11-09 20:33:41.503224
Blackwall Tunnel,Good,No Exceptional Delays,2025-11-09 20:33:41.503224
City Route,Good,No Exceptional Delays,2025-11-09 20:33:41.503224
Farringdon Cross Route,Good,No Exceptional Delays,2025-11-09 20:33:41.503224
Inner Ring,Good,No Exceptional Delays,2025-11-09 20:33:41.503224
Silvertown Tunnel,Good,No Exceptional Delays,2025-11-09 20:33:41.503224
Southern River Route,Good,No Exceptional Delays,2025-11-09 20:33:41.503224
Western Cross Route,Good,No Exceptional Delays,2025-11-09 20:33:41.503224
A1,Good,No Exceptional Delays,2025-11-09 20:34:41.955490
A10,Good,No Exceptional Delays,2025-11-09 20:34:41.955490
A12,Good,No Exceptional Delays,2025-11-09 20:34:41.955490
A13,Good,No Exceptional Delays,2025-11-09 20:34:41.955490
A2,Good,No Exceptional Delays,2025-11-09 20:34:41.955490
A20,Good,No Exceptional Delays,2025-11-09 20:34:41.955490
South Circular (A205),Good,No Exceptional Delays,2025-11-09 20:34:41.955490
A21,Good,No Exceptional Delays,2025-11-09 20:34:41.955490
A23,Good,No Exceptional Delays,2025-11-09 20:34:41.955490
A24,Good,No Exceptional Delays,2025-11-09 20:34:41.955490
A3,Good,No Exceptional Delays,2025-11-09 20:34:41.955490
A316,Good,No Exceptional Delays,2025-11-09 20:34:41.955490
A4,Good,No Exceptional Delays,2025-11-09 20:34:41.955490
A40,Good,No Exceptional Delays,2025-11-09 20:34:41.955490
North Circular (A406),Good,No Exceptional Delays,2025-11-09 20:34:41.955490
A41,Good,No Exceptional Delays,2025-11-09 20:34:41.955490
Bishopsgate Cross Route,Good,No Exceptional Delays,2025-11-09 20:34:41.955490
Blackwall Tunnel,Good,No Exceptional Delays,2025-11-09 20:34:41.955490
City Route,Good,No Exceptional Delays,2025-11-09 20:34:41.955490
Farringdon Cross Route,Good,No Exceptional Delays,2025-11-09 20:34:41.955490
Inner Ring,Good,No Exceptional Delays,2025-11-09 20:34:41.955490
Silvertown Tunnel,Good,No Exceptional Delays,2025-11-09 20:34:41.955490
Southern River Route,Good,No Exceptional Delays,2025-11-09 20:34:41.955490
Western Cross Route,Good,No Exceptional Delays,2025-11-09 20:34:41.955490
A1,Good,No Exceptional Delays,2025-11-09 20:35:42.374221
A10,Good,No Exceptional Delays,2025-11-09 20:35:42.374221
A12,Good,No Exceptional Delays,2025-11-09 20:35:42.374221
A13,Good,No Exceptional Delays,2025-11-09 20:35:42.374221
A2,Good,No Exceptional Delays,2025-11-09 20:35:42.374221
A20,Good,No Exceptional Delays,2025-11-09 20:35:42.374221
South Circular (A205),Good,No Exceptional Delays,2025-11-09 20:35:42.374221
A21,Good,No Exceptional Delays,2025-11-09 20:35:42.374221
A23,Good,No Exceptional Delays,2025-11-09 20:35:42.374221
A24,Good,No Exceptional Delays,2025-11-09 20:35:42.374221
A3,Good,No Exceptional Delays,2025-11-09 20:35:42.374221
A316,Good,No Exceptional Delays,2025-11-09 20:35:42.374221
A4,Good,No Exceptional Delays,2025-11-09 20:35:42.374221
A40,Good,No Exceptional Delays,2025-11-09 20:35:42.374221
North Circular (A406),Good,No Exceptional Delays,2025-11-09 20:35:42.374221
A41,Good,No Exceptional Delays,2025-11-09 20:35:42.374221
Bishopsgate Cross Route,Good,No Exceptional Delays,2025-11-09 20:35:42.374221
Blackwall Tunnel,Good,No Exceptional Delays,2025-11-09 20:35:42.374221
City Route,Good,No Exceptional Delays,2025-11-09 20:35:42.374221
Farringdon Cross Route,Good,No Exceptional Delays,2025-11-09 20:35:42.374221
Inner Ring,Good,No Exceptional Delays,2025-11-09 20:35:42.374221
Silvertown Tunnel,Good,No Exceptional Delays,2025-11-09 20:35:42.374221
Southern River Route,Good,No Exceptional Delays,2025-11-09 20:35:42.374221
Western Cross Route,Good,No Exceptional Delays,2025-11-09 20:35:42.374221
A1,Good,No Exceptional Delays,2025-11-09 20:36:42.550804
A10,Good,No Exceptional Delays,2025-11-09 20:36:42.550804
A12,Good,No Exceptional Delays,2025-11-09 20:36:42.550804
A13,Good,No Exceptional Delays,2025-11-09 20:36:42.550804
A2,Good,No Exceptional Delays,2025-11-09 20:36:42.550804
A20,Good,No Exceptional Delays,2025-11-09 20:36:42.550804
South Circular (A205),Good,No Exceptional Delays,2025-11-09 20:36:42.550804
A21,Good,No Exceptional Delays,2025-11-09 20:36:42.550804
A23,Good,No Exceptional Delays,2025-11-09 20:36:42.550804
A24,Good,No Exceptional Delays,2025-11-09 20:36:42.550804
A3,Good,No Exceptional Delays,2025-11-09 20:36:42.550804
A316,Good,No Exceptional Delays,2025-11-09 20:36:42.550804
A4,Good,No Exceptional Delays,2025-11-09 20:36:42.550804
A40,Good,No Exceptional Delays,2025-11-09 20:36:42.550804
North Circular (A406),Good,No Exceptional Delays,2025-11-09 20:36:42.550804
A41,Good,No Exceptional Delays,2025-11-09 20:36:42.550804
Bishopsgate Cross Route,Good,No Exceptional Delays,2025-11-09 20:36:42.550804
Blackwall Tunnel,Good,No Exceptional Delays,2025-11-09 20:36:42.550804
City Route,Good,No Exceptional Delays,2025-11-09 20:36:42.550804
Farringdon Cross Route,Good,No Exceptional Delays,2025-11-09 20:36:42.550804
Inner Ring,Good,No Exceptional Delays,2025-11-09 20:36:42.550804
Silvertown Tunnel,Good,No Exceptional Delays,2025-11-09 20:36:42.550804
Southern River Route,Good,No Exceptional Delays,2025-11-09 20:36:42.550804
Western Cross Route,Good,No Exceptional Delays,2025-11-09 20:36:42.550804
A1,Good,No Exceptional Delays,2025-11-09 20:37:43.001459
A10,Good,No Exceptional Delays,2025-11-09 20:37:43.001459
A12,Good,No Exceptional Delays,2025-11-09 20:37:43.001459
A13,Good,No Exceptional Delays,2025-11-09 20:37:43.001459
A2,Good,No Exceptional Delays,2025-11-09 20:37:43.001459
A20,Good,No Exceptional Delays,2025-11-09 20:37:43.001459
South Circular (A205),Good,No Exceptional Delays,2025-11-09 20:37:43.001459
A21,Good,No Exceptional Delays,2025-11-09 20:37:43.001459
A23,Good,No Exceptional Delays,2025-11-09 20:37:43.001459
A24,Good,No Exceptional Delays,2025-11-09 20:37:43.001459
A3,Good,No Exceptional Delays,2025-11-09 20:37:43.001459
A316,Good,No Exceptional Delays,2025-11-09 20:37:43.001459
A4,Good,No Exceptional Delays,2025-11-09 20:37:43.001459
A40,Good,No Exceptional Delays,2025-11-09 20:37:43.001459
North Circular (A406),Good,No Exceptional Delays,2025-11-09 20:37:43.001459
A41,Good,No Exceptional Delays,2025-11-09 20:37:43.001459
Bishopsgate Cross Route,Good,No Exceptional Delays,2025-11-09 20:37:43.001459
Blackwall Tunnel,Good,No Exceptional Delays,2025-11-09 20:37:43.001459
City Route,Good,No Exceptional Delays,2025-11-09 20:37:43.001459
Farringdon Cross Route,Good,No Exceptional Delays,2025-11-09 20:37:43.001459
Inner Ring,Good,No Exceptional Delays,2025-11-09 20:37:43.001459
Silvertown Tunnel,Good,No Exceptional Delays,2025-11-09 20:37:43.001459
Southern River Route,Good,No Exceptional Delays,2025-11-09 20:37:43.001459
Western Cross Route,Good,No Exceptional Delays,2025-11-09 20:37:43.001459
A1,Good,No Exceptional Delays,2025-11-09 20:38:43.428295
A10,Good,No Exceptional Delays,2025-11-09 20:38:43.428295
A12,Good,No Exceptional Delays,2025-11-09 20:38:43.428295
A13,Good,No Exceptional Delays,2025-11-09 20:38:43.428295
A2,Good,No Exceptional Delays,2025-11-09 20:38:43.428295
A20,Good,No Exceptional Delays,2025-11-09 20:38:43.428295
South Circular (A205),Good,No Exceptional Delays,2025-11-09 20:38:43.428295
A21,Good,No Exceptional Delays,2025-11-09 20:38:43.428295
A23,Good,No Exceptional Delays,2025-11-09 20:38:43.428295
A24,Good,No Exceptional Delays,2025-11-09 20:38:43.428295
A3,Good,No Exceptional Delays,2025-11-09 20:38:43.428295
A316,Good,No Exceptional Delays,2025-11-09 20:38:43.428295
A4,Good,No Exceptional Delays,2025-11-09 20:38:43.428295
A40,Good,No Exceptional Delays,2025-11-09 20:38:43.428295
North Circular (A406),Good,No Exceptional Delays,2025-11-09 20:38:43.428295
A41,Good,No Exceptional Delays,2025-11-09 20:38:43.428295
Bishopsgate Cross Route,Good,No Exceptional Delays,2025-11-09 20:38:43.428295
Blackwall Tunnel,Good,No Exceptional Delays,2025-11-09 20:38:43.428295
City Route,Good,No Exceptional Delays,2025-11-09 20:38:43.428295
Farringdon Cross Route,Good,No Exceptional Delays,2025-11-09 20:38:43.428295
Inner Ring,Good,No Exceptional Delays,2025-11-09 20:38:43.428295
Silvertown Tunnel,Good,No Exceptional Delays,2025-11-09 20:38:43.428295
Southern River Route,Good,No Exceptional Delays,2025-11-09 20:38:43.428295
Western Cross Route,Good,No Exceptional Delays,2025-11-09 20:38:43.428295
A1,Good,No Exceptional Delays,2025-11-09 20:39:44.715377
A10,Good,No Exceptional Delays,2025-11-09 20:39:44.715377
A12,Good,No Exceptional Delays,2025-11-09 20:39:44.715377
A13,Good,No Exceptional Delays,2025-11-09 20:39:44.715377
A2,Good,No Exceptional Delays,2025-11-09 20:39:44.715377
A20,Good,No Exceptional Delays,2025-11-09 20:39:44.715377
South Circular (A205),Good,No Exceptional Delays,2025-11-09 20:39:44.715377
A21,Good,No Exceptional Delays,2025-11-09 20:39:44.715377
A23,Good,No Exceptional Delays,2025-11-09 20:39:44.715377
A24,Good,No Exceptional Delays,2025-11-09 20:39:44.715377
A3,Good,No Exceptional Delays,2025-11-09 20:39:44.715377
A316,Good,No Exceptional Delays,2025-11-09 20:39:44.715377
A4,Good,No Exceptional Delays,2025-11-09 20:39:44.715377
A40,Good,No Exceptional Delays,2025-11-09 20:39:44.715377
North Circular (A406),Good,No Exceptional Delays,2025-11-09 20:39:44.715377
A41,Good,No Exceptional Delays,2025-11-09 20:39:44.715377
Bishopsgate Cross Route,Good,No Exceptional Delays,2025-11-09 20:39:44.715377
Blackwall Tunnel,Good,No Exceptional Delays,2025-11-09 20:39:44.715377
City Route,Good,No Exceptional Delays,2025-11-09 20:39:44.715377
Farringdon Cross Route,Good,No Exceptional Delays,2025-11-09 20:39:44.715377
Inner Ring,Good,No Exceptional Delays,2025-11-09 20:39:44.715377
Silvertown Tunnel,Good,No Exceptional Delays,2025-11-09 20:39:44.715377
Southern River Route,Good,No Exceptional Delays,2025-11-09 20:39:44.715377
Western Cross Route,Good,No Exceptional Delays,2025-11-09 20:39:44.715377
A1,Good,No Exceptional Delays,2025-11-09 21:35:13.803720
A10,Good,No Exceptional Delays,2025-11-09 21:35:13.803720
A12,Good,No Exceptional Delays,2025-11-09 21:35:13.803720
A13,Good,No Exceptional Delays,2025-11-09 21:35:13.803720
A2,Good,No Exceptional Delays,2025-11-09 21:35:13.803720
A20,Good,No Exceptional Delays,2025-11-09 21:35:13.803720
South Circular (A205),Good,No Exceptional Delays,2025-11-09 21:35:13.803720
A21,Good,No Exceptional Delays,2025-11-09 21:35:13.803720
A23,Good,No Exceptional Delays,2025-11-09 21:35:13.803720
A24,Good,No Exceptional Delays,2025-11-09 21:35:13.803720
A3,Good,No Exceptional Delays,2025-11-09 21:35:13.803720
A316,Good,No Exceptional Delays,2025-11-09 21:35:13.803720
A4,Good,No Exceptional Delays,2025-11-09 21:35:13.803720
A40,Good,No Exceptional Delays,2025-11-09 21:35:13.803720
North Circular (A406),Good,No Exceptional Delays,2025-11-09 21:35:13.803720
A41,Good,No Exceptional Delays,2025-11-09 21:35:13.803720
Bishopsgate Cross Route,Good,No Exceptional Delays,2025-11-09 21:35:13.803720
Blackwall Tunnel,Good,No Exceptional Delays,2025-11-09 21:35:13.803720
City Route,Good,No Exceptional Delays,2025-11-09 21:35:13.803720
Farringdon Cross Route,Good,No Exceptional Delays,2025-11-09 21:35:13.803720
Inner Ring,Good,No Exceptional Delays,2025-11-09 21:35:13.803720
Silvertown Tunnel,Good,No Exceptional Delays,2025-11-09 21:35:13.803720
Southern River Route,Good,No Exceptional Delays,2025-11-09 21:35:13.803720
Western Cross Route,Good,No Exceptional Delays,2025-11-09 21:35:13.803720
A1,Good,No Exceptional Delays,2025-11-09 21:36:15.668872
A10,Good,No Exceptional Delays,2025-11-09 21:36:15.668872
A12,Good,No Exceptional Delays,2025-11-09 21:36:15.668872
A13,Good,No Exceptional Delays,2025-11-09 21:36:15.668872
A2,Good,No Exceptional Delays,2025-11-09 21:36:15.668872
A20,Good,No Exceptional Delays,2025-11-09 21:36:15.668872
South Circular (A205),Good,No Exceptional Delays,2025-11-09 21:36:15.668872
A21,Good,No Exceptional Delays,2025-11-09 21:36:15.668872
A23,Good,No Exceptional Delays,2025-11-09 21:36:15.668872
A24,Good,No Exceptional Delays,2025-11-09 21:36:15.668872
A3,Good,No Exceptional Delays,2025-11-09 21:36:15.668872
A316,Good,No Exceptional Delays,2025-11-09 21:36:15.668872
A4,Good,No Exceptional Delays,2025-11-09 21:36:15.668872
A40,Good,No Exceptional Delays,2025-11-09 21:36:15.668872
North Circular (A406),Good,No Exceptional Delays,2025-11-09 21:36:15.668872
A41,Good,No Exceptional Delays,2025-11-09 21:36:15.668872
Bishopsgate Cross Route,Good,No Exceptional Delays,2025-11-09 21:36:15.668872
Blackwall Tunnel,Good,No Exceptional Delays,2025-11-09 21:36:15.668872
City Route,Good,No Exceptional Delays,2025-11-09 21:36:15.668872
Farringdon Cross Route,Good,No Exceptional Delays,2025-11-09 21:36:15.668872
Inner Ring,Good,No Exceptional Delays,2025-11-09 21:36:15.668872
Silvertown Tunnel,Good,No Exceptional Delays,2025-11-09 21:36:15.668872
Southern River Route,Good,No Exceptional Delays,2025-11-09 21:36:15.668872
Western Cross Route,Good,No Exceptional Delays,2025-11-09 21:36:15.668872
A1,Good,No Exceptional Delays,2025-11-09 21:37:16.089650
A10,Good,No Exceptional Delays,2025-11-09 21:37:16.089650
A12,Good,No Exceptional Delays,2025-11-09 21:37:16.089650
A13,Good,No Exceptional Delays,2025-11-09 21:37:16.089650
A2,Good,No Exceptional Delays,2025-11-09 21:37:16.089650
A20,Good,No Exceptional Delays,2025-11-09 21:37:16.089650
South Circular (A205),Good,No Exceptional Delays,2025-11-09 21:37:16.089650
A21,Good,No Exceptional Delays,2025-11-09 21:37:16.089650
A23,Good,No Exceptional Delays,2025-11-09 21:37:16.089650
A24,Good,No Exceptional Delays,2025-11-09 21:37:16.089650
A3,Good,No Exceptional Delays,2025-11-09 21:37:16.089650
A316,Good,No Exceptional Delays,2025-11-09 21:37:16.089650
A4,Good,No Exceptional Delays,2025-11-09 21:37:16.089650
A40,Good,No Exceptional Delays,2025-11-09 21:37:16.089650
North Circular (A406),Good,No Exceptional Delays,2025-11-09 21:37:16.089650
A41,Good,No Exceptional Delays,2025-11-09 21:37:16.089650
Bishopsgate Cross Route,Good,No Exceptional Delays,2025-11-09 21:37:16.089650
Blackwall Tunnel,Good,No Exceptional Delays,2025-11-09 21:37:16.089650
City Route,Good,No Exceptional Delays,2025-11-09 21:37:16.089650
Farringdon Cross Route,Good,No Exceptional Delays,2025-11-09 21:37:16.089650
Inner Ring,Good,No Exceptional Delays,2025-11-09 21:37:16.089650
Silvertown Tunnel,Good,No Exceptional Delays,2025-11-09 21:37:16.089650
Southern River Route,Good,No Exceptional Delays,2025-11-09 21:37:16.089650
Western Cross Route,Good,No Exceptional Delays,2025-11-09 21:37:16.089650
A1,Good,No Exceptional Delays,2025-11-09 21:38:16.285320
A10,Good,No Exceptional Delays,2025-11-09 21:38:16.285320
A12,Good,No Exceptional Delays,2025-11-09 21:38:16.285320
A13,Good,No Exceptional Delays,2025-11-09 21:38:16.285320
A2,Good,No Exceptional Delays,2025-11-09 21:38:16.285320
A20,Good,No Exceptional Delays,2025-11-09 21:38:16.285320
South Circular (A205),Good,No Exceptional Delays,2025-11-09 21:38:16.285320
A21,Good,No Exceptional Delays,2025-11-09 21:38:16.285320
A23,Good,No Exceptional Delays,2025-11-09 21:38:16.285320
A24,Good,No Exceptional Delays,2025-11-09 21:38:16.285320
A3,Good,No Exceptional Delays,2025-11-09 21:38:16.285320
A316,Good,No Exceptional Delays,2025-11-09 21:38:16.285320
A4,Good,No Exceptional Delays,2025-11-09 21:38:16.285320
A40,Good,No Exceptional Delays,2025-11-09 21:38:16.285320
North Circular (A406),Good,No Exceptional Delays,2025-11-09 21:38:16.285320
A41,Good,No Exceptional Delays,2025-11-09 21:38:16.285320
Bishopsgate Cross Route,Good,No Exceptional Delays,2025-11-09 21:38:16.285320
Blackwall Tunnel,Good,No Exceptional Delays,2025-11-09 21:38:16.285320
City Route,Good,No Exceptional Delays,2025-11-09 21:38:16.285320
Farringdon Cross Route,Good,No Exceptional Delays,2025-11-09 21:38:16.285320
Inner Ring,Good,No Exceptional Delays,2025-11-09 21:38:16.285320
Silvertown Tunnel,Good,No Exceptional Delays,2025-11-09 21:38:16.285320
Southern River Route,Good,No Exceptional Delays,2025-11-09 21:38:16.285320
Western Cross Route,Good,No Exceptional Delays,2025-11-09 21:38:16.285320
A1,Good,No Exceptional Delays,2025-11-09 21:39:16.643632
A10,Good,No Exceptional Delays,2025-11-09 21:39:16.643632
A12,Good,No Exceptional Delays,2025-11-09 21:39:16.643632
A13,Good,No Exceptional Delays,2025-11-09 21:39:16.643632
A2,Good,No Exceptional Delays,2025-11-09 21:39:16.643632
A20,Good,No Exceptional Delays,2025-11-09 21:39:16.643632
South Circular (A205),Good,No Exceptional Delays,2025-11-09 21:39:16.643632
A21,Good,No Exceptional Delays,2025-11-09 21:39:16.643632
A23,Good,No Exceptional Delays,2025-11-09 21:39:16.643632
A24,Good,No Exceptional Delays,2025-11-09 21:39:16.643632
A3,Good,No Exceptional Delays,2025-11-09 21:39:16.643632
A316,Good,No Exceptional Delays,2025-11-09 21:39:16.643632
A4,Good,No Exceptional Delays,2025-11-09 21:39:16.643632
A40,Good,No Exceptional Delays,2025-11-09 21:39:16.643632
North Circular (A406),Good,No Exceptional Delays,2025-11-09 21:39:16.643632
A41,Good,No Exceptional Delays,2025-11-09 21:39:16.643632
Bishopsgate Cross Route,Good,No Exceptional Delays,2025-11-09 21:39:16.643632
Blackwall Tunnel,Good,No Exceptional Delays,2025-11-09 21:39:16.643632
City Route,Good,No Exceptional Delays,2025-11-09 21:39:16.643632
Farringdon Cross Route,Good,No Exceptional Delays,2025-11-09 21:39:16.643632
Inner Ring,Good,No Exceptional Delays,2025-11-09 21:39:16.643632
Silvertown Tunnel,Good,No Exceptional Delays,2025-11-09 21:39:16.643632
Southern River Route,Good,No Exceptional Delays,2025-11-09 21:39:16.643632
Western Cross Route,Good,No Exceptional Delays,2025-11-09 21:39:16.643632
A1,Good,No Exceptional Delays,2025-11-09 21:40:16.867239
A10,Good,No Exceptional Delays,2025-11-09 21:40:16.867239
A12,Good,No Exceptional Delays,2025-11-09 21:40:16.867239
A13,Good,No Exceptional Delays,2025-11-09 21:40:16.867239
A2,Good,No Exceptional Delays,2025-11-09 21:40:16.867239
A20,Good,No Exceptional Delays,2025-11-09 21:40:16.867239
South Circular (A205),Good,No Exceptional Delays,2025-11-09 21:40:16.867239
A21,Good,No Exceptional Delays,2025-11-09 21:40:16.867239
A23,Good,No Exceptional Delays,2025-11-09 21:40:16.867239
A24,Good,No Exceptional Delays,2025-11-09 21:40:16.867239
A3,Good,No Exceptional Delays,2025-11-09 21:40:16.867239
A316,Good,No Exceptional Delays,2025-11-09 21:40:16.867239
A4,Good,No Exceptional Delays,2025-11-09 21:40:16.867239
A40,Good,No Exceptional Delays,2025-11-09 21:40:16.867239
North Circular (A406),Good,No Exceptional Delays,2025-11-09 21:40:16.867239
A41,Good,No Exceptional Delays,2025-11-09 21:40:16.867239
Bishopsgate Cross Route,Good,No Exceptional Delays,2025-11-09 21:40:16.867239
Blackwall Tunnel,Good,No Exceptional Delays,2025-11-09 21:40:16.867239
City Route,Good,No Exceptional Delays,2025-11-09 21:40:16.867239
Farringdon Cross Route,Good,No Exceptional Delays,2025-11-09 21:40:16.867239
Inner Ring,Good,No Exceptional Delays,2025-11-09 21:40:16.867239
Silvertown Tunnel,Good,No Exceptional Delays,2025-11-09 21:40:16.867239
Southern River Route,Good,No Exceptional Delays,2025-11-09 21:40:16.867239
Western Cross Route,Good,No Exceptional Delays,2025-11-09 21:40:16.867239
A1,Good,No Exceptional Delays,2025-11-09 21:41:17.812331
A10,Good,No Exceptional Delays,2025-11-09 21:41:17.812331
A12,Good,No Exceptional Delays,2025-11-09 21:41:17.812331
A13,Good,No Exceptional Delays,2025-11-09 21:41:17.812331
A2,Good,No Exceptional Delays,2025-11-09 21:41:17.812331
A20,Good,No Exceptional Delays,2025-11-09 21:41:17.812331
South Circular (A205),Good,No Exceptional Delays,2025-11-09 21:41:17.812331
A21,Good,No Exceptional Delays,2025-11-09 21:41:17.812331
A23,Good,No Exceptional Delays,2025-11-09 21:41:17.812331
A24,Good,No Exceptional Delays,2025-11-09 21:41:17.812331
A3,Good,No Exceptional Delays,2025-11-09 21:41:17.812331
A316,Good,No Exceptional Delays,2025-11-09 21:41:17.812331
A4,Good,No Exceptional Delays,2025-11-09 21:41:17.812331
A40,Good,No Exceptional Delays,2025-11-09 21:41:17.812331
North Circular (A406),Good,No Exceptional Delays,2025-11-09 21:41:17.812331
A41,Good,No Exceptional Delays,2025-11-09 21:41:17.812331
Bishopsgate Cross Route,Good,No Exceptional Delays,2025-11-09 21:41:17.812331
Blackwall Tunnel,Good,No Exceptional Delays,2025-11-09 21:41:17.812331
City Route,Good,No Exceptional Delays,2025-11-09 21:41:17.812331
Farringdon Cross Route,Good,No Exceptional Delays,2025-11-09 21:41:17.812331
Inner Ring,Good,No Exceptional Delays,2025-11-09 21:41:17.812331
Silvertown Tunnel,Good,No Exceptional Delays,2025-11-09 21:41:17.812331
Southern River Route,Good,No Exceptional Delays,2025-11-09 21:41:17.812331
Western Cross Route,Good,No Exceptional Delays,2025-11-09 21:41:17.812331
A1,Good,No Exceptional Delays,2025-11-09 21:42:20.061469
A10,Good,No Exceptional Delays,2025-11-09 21:42:20.061469
A12,Good,No Exceptional Delays,2025-11-09 21:42:20.061469
A13,Good,No Exceptional Delays,2025-11-09 21:42:20.061469
A2,Good,No Exceptional Delays,2025-11-09 21:42:20.061469
A20,Good,No Exceptional Delays,2025-11-09 21:42:20.061469
South Circular (A205),Good,No Exceptional Delays,2025-11-09 21:42:20.061469
A21,Good,No Exceptional Delays,2025-11-09 21:42:20.061469
A23,Good,No Exceptional Delays,2025-11-09 21:42:20.061469
A24,Good,No Exceptional Delays,2025-11-09 21:42:20.061469
A3,Good,No Exceptional Delays,2025-11-09 21:42:20.061469
A316,Good,No Exceptional Delays,2025-11-09 21:42:20.061469
A4,Good,No Exceptional Delays,2025-11-09 21:42:20.061469
A40,Good,No Exceptional Delays,2025-11-09 21:42:20.061469
North Circular (A406),Good,No Exceptional Delays,2025-11-09 21:42:20.061469
A41,Good,No Exceptional Delays,2025-11-09 21:42:20.061469
Bishopsgate Cross Route,Good,No Exceptional Delays,2025-11-09 21:42:20.061469
Blackwall Tunnel,Good,No Exceptional Delays,2025-11-09 21:42:20.061469
City Route,Good,No Exceptional Delays,2025-11-09 21:42:20.061469
Farringdon Cross Route,Good,No Exceptional Delays,2025-11-09 21:42:20.061469
Inner Ring,Good,No Exceptional Delays,2025-11-09 21:42:20.061469
Silvertown Tunnel,Good,No Exceptional Delays,2025-11-09 21:42:20.061469
Southern River Route,Good,No Exceptional Delays,2025-11-09 21:42:20.061469
Western Cross Route,Good,No Exceptional Delays,2025-11-09 21:42:20.061469
A1,Good,No Exceptional Delays,2025-11-09 21:43:20.988342
A10,Good,No Exceptional Delays,2025-11-09 21:43:20.988342
A12,Good,No Exceptional Delays,2025-11-09 21:43:20.988342
A13,Good,No Exceptional Delays,2025-11-09 21:43:20.988342
A2,Good,No Exceptional Delays,2025-11-09 21:43:20.988342
A20,Good,No Exceptional Delays,2025-11-09 21:43:20.988342
South Circular (A205),Good,No Exceptional Delays,2025-11-09 21:43:20.988342
A21,Good,No Exceptional Delays,2025-11-09 21:43:20.988342
A23,Good,No Exceptional Delays,2025-11-09 21:43:20.988342
A24,Good,No Exceptional Delays,2025-11-09 21:43:20.988342
A3,Good,No Exceptional Delays,2025-11-09 21:43:20.988342
A316,Good,No Exceptional Delays,2025-11-09 21:43:20.988342
A4,Good,No Exceptional Delays,2025-11-09 21:43:20.988342
A40,Good,No Exceptional Delays,2025-11-09 21:43:20.988342
North Circular (A406),Good,No Exceptional Delays,2025-11-09 21:43:20.988342
A41,Good,No Exceptional Delays,2025-11-09 21:43:20.988342
Bishopsgate Cross Route,Good,No Exceptional Delays,2025-11-09 21:43:20.988342
Blackwall Tunnel,Good,No Exceptional Delays,2025-11-09 21:43:20.988342
City Route,Good,No Exceptional Delays,2025-11-09 21:43:20.988342
Farringdon Cross Route,Good,No Exceptional Delays,2025-11-09 21:43:20.988342
Inner Ring,Good,No Exceptional Delays,2025-11-09 21:43:20.988342
Silvertown Tunnel,Good,No Exceptional Delays,2025-11-09 21:43:20.988342
Southern River Route,Good,No Exceptional Delays,2025-11-09 21:43:20.988342
Western Cross Route,Good,No Exceptional Delays,2025-11-09 21:43:20.988342
A1,Good,No Exceptional Delays,2025-11-09 21:44:21.535432
A10,Good,No Exceptional Delays,2025-11-09 21:44:21.535432
A12,Good,No Exceptional Delays,2025-11-09 21:44:21.535432
A13,Good,No Exceptional Delays,2025-11-09 21:44:21.535432
A2,Good,No Exceptional Delays,2025-11-09 21:44:21.535432
A20,Good,No Exceptional Delays,2025-11-09 21:44:21.535432
South Circular (A205),Good,No Exceptional Delays,2025-11-09 21:44:21.535432
A21,Good,No Exceptional Delays,2025-11-09 21:44:21.535432
A23,Good,No Exceptional Delays,2025-11-09 21:44:21.535432
A24,Good,No Exceptional Delays,2025-11-09 21:44:21.535432
A3,Good,No Exceptional Delays,2025-11-09 21:44:21.535432
A316,Good,No Exceptional Delays,2025-11-09 21:44:21.535432
A4,Good,No Exceptional Delays,2025-11-09 21:44:21.535432
A40,Good,No Exceptional Delays,2025-11-09 21:44:21.535432
North Circular (A406),Good,No Exceptional Delays,2025-11-09 21:44:21.535432
A41,Good,No Exceptional Delays,2025-11-09 21:44:21.535432
Bishopsgate Cross Route,Good,No Exceptional Delays,2025-11-09 21:44:21.535432
Blackwall Tunnel,Good,No Exceptional Delays,2025-11-09 21:44:21.535432
City Route,Good,No Exceptional Delays,2025-11-09 21:44:21.535432
Farringdon Cross Route,Good,No Exceptional Delays,2025-11-09 21:44:21.535432
Inner Ring,Good,No Exceptional Delays,2025-11-09 21:44:21.535432
Silvertown Tunnel,Good,No Exceptional Delays,2025-11-09 21:44:21.535432
Southern River Route,Good,No Exceptional Delays,2025-11-09 21:44:21.535432
Western Cross Route,Good,No Exceptional Delays,2025-11-09 21:44:21.535432
A1,Good,No Exceptional Delays,2025-11-09 22:02:15.957414
A10,Good,No Exceptional Delays,2025-11-09 22:02:15.957414
A12,Good,No Exceptional Delays,2025-11-09 22:02:15.957414
A13,Good,No Exceptional Delays,2025-11-09 22:02:15.957414
A2,Good,No Exceptional Delays,2025-11-09 22:02:15.957414
A20,Good,No Exceptional Delays,2025-11-09 22:02:15.957414
South Circular (A205),Good,No Exceptional Delays,2025-11-09 22:02:15.957414
A21,Good,No Exceptional Delays,2025-11-09 22:02:15.957414
A23,Good,No Exceptional Delays,2025-11-09 22:02:15.957414
A24,Good,No Exceptional Delays,2025-11-09 22:02:15.957414
A3,Good,No Exceptional Delays,2025-11-09 22:02:15.957414
A316,Good,No Exceptional Delays,2025-11-09 22:02:15.957414
A4,Good,No Exceptional Delays,2025-11-09 22:02:15.957414
A40,Good,No Exceptional Delays,2025-11-09 22:02:15.957414
North Circular (A406),Good,No Exceptional Delays,2025-11-09 22:02:15.957414
A41,Good,No Exceptional Delays,2025-11-09 22:02:15.957414
Bishopsgate Cross Route,Good,No Exceptional Delays,2025-11-09 22:02:15.957414
Blackwall Tunnel,Good,No Exceptional Delays,2025-11-09 22:02:15.957414
City Route,Good,No Exceptional Delays,2025-11-09 22:02:15.957414
Farringdon Cross Route,Good,No Exceptional Delays,2025-11-09 22:02:15.957414
Inner Ring,Good,No Exceptional Delays,2025-11-09 22:02:15.957414
Silvertown Tunnel,Good,No Exceptional Delays,2025-11-09 22:02:15.957414
Southern River Route,Good,No Exceptional Delays,2025-11-09 22:02:15.957414
Western Cross Route,Good,No Exceptional Delays,2025-11-09 22:02:15.957414
A1,Good,No Exceptional Delays,2025-11-09 22:03:18.444123
A10,Good,No Exceptional Delays,2025-11-09 22:03:18.444123
A12,Good,No Exceptional Delays,2025-11-09 22:03:18.444123
A13,Good,No Exceptional Delays,2025-11-09 22:03:18.444123
A2,Good,No Exceptional Delays,2025-11-09 22:03:18.444123
A20,Good,No Exceptional Delays,2025-11-09 22:03:18.444123
South Circular (A205),Good,No Exceptional Delays,2025-11-09 22:03:18.444123
A21,Good,No Exceptional Delays,2025-11-09 22:03:18.444123
A23,Good,No Exceptional Delays,2025-11-09 22:03:18.444123
A24,Good,No Exceptional Delays,2025-11-09 22:03:18.444123
A3,Good,No Exceptional Delays,2025-11-09 22:03:18.444123
A316,Good,No Exceptional Delays,2025-11-09 22:03:18.444123
A4,Good,No Exceptional Delays,2025-11-09 22:03:18.444123
A40,Good,No Exceptional Delays,2025-11-09 22:03:18.444123
North Circular (A406),Good,No Exceptional Delays,2025-11-09 22:03:18.444123
A41,Good,No Exceptional Delays,2025-11-09 22:03:18.444123
Bishopsgate Cross Route,Good,No Exceptional Delays,2025-11-09 22:03:18.444123
Blackwall Tunnel,Good,No Exceptional Delays,2025-11-09 22:03:18.444123
City Route,Good,No Exceptional Delays,2025-11-09 22:03:18.444123
Farringdon Cross Route,Good,No Exceptional Delays,2025-11-09 22:03:18.444123
Inner Ring,Good,No Exceptional Delays,2025-11-09 22:03:18.444123
Silvertown Tunnel,Good,No Exceptional Delays,2025-11-09 22:03:18.444123
Southern River Route,Good,No Exceptional Delays,2025-11-09 22:03:18.444123
Western Cross Route,Good,No Exceptional Delays,2025-11-09 22:03:18.444123
A1,Good,No Exceptional Delays,2025-11-09 22:04:20.141122
A10,Good,No Exceptional Delays,2025-11-09 22:04:20.141122
A12,Good,No Exceptional Delays,2025-11-09 22:04:20.141122
A13,Good,No Exceptional Delays,2025-11-09 22:04:20.141122
A2,Good,No Exceptional Delays,2025-11-09 22:04:20.141122
A20,Good,No Exceptional Delays,2025-11-09 22:04:20.141122
South Circular (A205),Good,No Exceptional Delays,2025-11-09 22:04:20.141122
A21,Good,No Exceptional Delays,2025-11-09 22:04:20.141122
A23,Good,No Exceptional Delays,2025-11-09 22:04:20.141122
A24,Good,No Exceptional Delays,2025-11-09 22:04:20.141122
A3,Good,No Exceptional Delays,2025-11-09 22:04:20.141122
A316,Good,No Exceptional Delays,2025-11-09 22:04:20.141122
A4,Good,No Exceptional Delays,2025-11-09 22:04:20.141122
A40,Good,No Exceptional Delays,2025-11-09 22:04:20.141122
North Circular (A406),Good,No Exceptional Delays,2025-11-09 22:04:20.141122
A41,Good,No Exceptional Delays,2025-11-09 22:04:20.141122
Bishopsgate Cross Route,Good,No Exceptional Delays,2025-11-09 22:04:20.141122
Blackwall Tunnel,Good,No Exceptional Delays,2025-11-09 22:04:20.141122
City Route,Good,No Exceptional Delays,2025-11-09 22:04:20.141122
Farringdon Cross Route,Good,No Exceptional Delays,2025-11-09 22:04:20.141122
Inner Ring,Good,No Exceptional Delays,2025-11-09 22:04:20.141122
Silvertown Tunnel,Good,No Exceptional Delays,2025-11-09 22:04:20.141122
Southern River Route,Good,No Exceptional Delays,2025-11-09 22:04:20.141122
Western Cross Route,Good,No Exceptional Delays,2025-11-09 22:04:20.141122
A1,Good,No Exceptional Delays,2025-11-09 22:05:20.525893
A10,Good,No Exceptional Delays,2025-11-09 22:05:20.525893
A12,Good,No Exceptional Delays,2025-11-09 22:05:20.525893
A13,Good,No Exceptional Delays,2025-11-09 22:05:20.525893
A2,Good,No Exceptional Delays,2025-11-09 22:05:20.525893
A20,Good,No Exceptional Delays,2025-11-09 22:05:20.525893
South Circular (A205),Good,No Exceptional Delays,2025-11-09 22:05:20.525893
A21,Good,No Exceptional Delays,2025-11-09 22:05:20.525893
A23,Good,No Exceptional Delays,2025-11-09 22:05:20.525893
A24,Good,No Exceptional Delays,2025-11-09 22:05:20.525893
A3,Good,No Exceptional Delays,2025-11-09 22:05:20.525893
A316,Good,No Exceptional Delays,2025-11-09 22:05:20.525893
A4,Good,No Exceptional Delays,2025-11-09 22:05:20.525893
A40,Good,No Exceptional Delays,2025-11-09 22:05:20.525893
North Circular (A406),Good,No Exceptional Delays,2025-11-09 22:05:20.525893
A41,Good,No Exceptional Delays,2025-11-09 22:05:20.525893
Bishopsgate Cross Route,Good,No Exceptional Delays,2025-11-09 22:05:20.525893
Blackwall Tunnel,Good,No Exceptional Delays,2025-11-09 22:05:20.525893
City Route,Good,No Exceptional Delays,2025-11-09 22:05:20.525893
Farringdon Cross Route,Good,No Exceptional Delays,2025-11-09 22:05:20.525893
Inner Ring,Good,No Exceptional Delays,2025-11-09 22:05:20.525893
Silvertown Tunnel,Good,No Exceptional Delays,2025-11-09 22:05:20.525893
Southern River Route,Good,No Exceptional Delays,2025-11-09 22:05:20.525893
Western Cross Route,Good,No Exceptional Delays,2025-11-09 22:05:20.525893
A1,Good,No Exceptional Delays,2025-11-09 23:16:29.527054
A10,Good,No Exceptional Delays,2025-11-09 23:16:29.527054
A12,Good,No Exceptional Delays,2025-11-09 23:16:29.527054
A13,Good,No Exceptional Delays,2025-11-09 23:16:29.527054
A2,Good,No Exceptional Delays,2025-11-09 23:16:29.527054
A20,Good,No Exceptional Delays,2025-11-09 23:16:29.527054
South Circular (A205),Good,No Exceptional Delays,2025-11-09 23:16:29.527054
A21,Good,No Exceptional Delays,2025-11-09 23:16:29.527054
A23,Good,No Exceptional Delays,2025-11-09 23:16:29.527054
A24,Good,No Exceptional Delays,2025-11-09 23:16:29.527054
A3,Good,No Exceptional Delays,2025-11-09 23:16:29.527054
A316,Good,No Exceptional Delays,2025-11-09 23:16:29.527054
A4,Good,No Exceptional Delays,2025-11-09 23:16:29.527054
A40,Good,No Exceptional Delays,2025-11-09 23:16:29.527054
North Circular (A406),Good,No Exceptional Delays,2025-11-09 23:16:29.527054
A41,Good,No Exceptional Delays,2025-11-09 23:16:29.527054
Bishopsgate Cross Route,Good,No Exceptional Delays,2025-11-09 23:16:29.527054
Blackwall Tunnel,Good,No Exceptional Delays,2025-11-09 23:16:29.527054
City Route,Good,No Exceptional Delays,2025-11-09 23:16:29.527054
Farringdon Cross Route,Good,No Exceptional Delays,2025-11-09 23:16:29.527054
Inner Ring,Good,No Exceptional Delays,2025-11-09 23:16:29.527054
Silvertown Tunnel,Good,No Exceptional Delays,2025-11-09 23:16:29.527054
Southern River Route,Good,No Exceptional Delays,2025-11-09 23:16:29.527054
Western Cross Route,Good,No Exceptional Delays,2025-11-09 23:16:29.527054
A1,Good,No Exceptional Delays,2025-11-09 23:17:30.484563
A10,Good,No Exceptional Delays,2025-11-09 23:17:30.484563
A12,Good,No Exceptional Delays,2025-11-09 23:17:30.484563
A13,Good,No Exceptional Delays,2025-11-09 23:17:30.484563
A2,Good,No Exceptional Delays,2025-11-09 23:17:30.484563
A20,Good,No Exceptional Delays,2025-11-09 23:17:30.484563
South Circular (A205),Good,No Exceptional Delays,2025-11-09 23:17:30.484563
A21,Good,No Exceptional Delays,2025-11-09 23:17:30.484563
A23,Good,No Exceptional Delays,2025-11-09 23:17:30.484563
A24,Good,No Exceptional Delays,2025-11-09 23:17:30.484563
A3,Good,No Exceptional Delays,2025-11-09 23:17:30.484563
A316,Good,No Exceptional Delays,2025-11-09 23:17:30.484563
A4,Good,No Exceptional Delays,2025-11-09 23:17:30.484563
A40,Good,No Exceptional Delays,2025-11-09 23:17:30.484563
North Circular (A406),Good,No Exceptional Delays,2025-11-09 23:17:30.484563
A41,Good,No Exceptional Delays,2025-11-09 23:17:30.484563
Bishopsgate Cross Route,Good,No Exceptional Delays,2025-11-09 23:17:30.484563
Blackwall Tunnel,Good,No Exceptional Delays,2025-11-09 23:17:30.484563
City Route,Good,No Exceptional Delays,2025-11-09 23:17:30.484563
Farringdon Cross Route,Good,No Exceptional Delays,2025-11-09 23:17:30.484563
Inner Ring,Good,No Exceptional Delays,2025-11-09 23:17:30.484563
Silvertown Tunnel,Good,No Exceptional Delays,2025-11-09 23:17:30.484563
Southern River Route,Good,No Exceptional Delays,2025-11-09 23:17:30.484563
Western Cross Route,Good,No Exceptional Delays,2025-11-09 23:17:30.484563
A1,Good,No Exceptional Delays,2025-11-10 10:50:00.539136
A10,Good,No Exceptional Delays,2025-11-10 10:50:00.539136
A12,Good,No Exceptional Delays,2025-11-10 10:50:00.539136
A13,Good,No Exceptional Delays,2025-11-10 10:50:00.539136
A2,Good,No Exceptional Delays,2025-11-10 10:50:00.539136
A20,Good,No Exceptional Delays,2025-11-10 10:50:00.539136
South Circular (A205),Good,No Exceptional Delays,2025-11-10 10:50:00.539136
A21,Good,No Exceptional Delays,2025-11-10 10:50:00.539136
A23,Good,No Exceptional Delays,2025-11-10 10:50:00.539136
A24,Good,No Exceptional Delays,2025-11-10 10:50:00.539136
A3,Good,No Exceptional Delays,2025-11-10 10:50:00.539136
A316,Good,No Exceptional Delays,2025-11-10 10:50:00.539136
A4,Good,No Exceptional Delays,2025-11-10 10:50:00.539136
A40,Good,No Exceptional Delays,2025-11-10 10:50:00.539136
North Circular (A406),Good,No Exceptional Delays,2025-11-10 10:50:00.539136
A41,Good,No Exceptional Delays,2025-11-10 10:50:00.539136
Bishopsgate Cross Route,Good,No Exceptional Delays,2025-11-10 10:50:00.539136
Blackwall Tunnel,Good,No Exceptional Delays,2025-11-10 10:50:00.539136
City Route,Good,No Exceptional Delays,2025-11-10 10:50:00.539136
Farringdon Cross Route,Good,No Exceptional Delays,2025-11-10 10:50:00.539136
Inner Ring,Good,No Exceptional Delays,2025-11-10 10:50:00.539136
Silvertown Tunnel,Good,No Exceptional Delays,2025-11-10 10:50:00.539136
Southern River Route,Good,No Exceptional Delays,2025-11-10 10:50:00.539136
Western Cross Route,Good,No Exceptional Delays,2025-11-10 10:50:00.539136
A1,Good,No Exceptional Delays,2025-11-10 10:51:02.534909
A10,Good,No Exceptional Delays,2025-11-10 10:51:02.534909
A12,Good,No Exceptional Delays,2025-11-10 10:51:02.534909
A13,Good,No Exceptional Delays,2025-11-10 10:51:02.534909
A2,Good,No Exceptional Delays,2025-11-10 10:51:02.534909
A20,Good,No Exceptional Delays,2025-11-10 10:51:02.534909
South Circular (A205),Good,No Exceptional Delays,2025-11-10 10:51:02.534909
A21,Good,No Exceptional Delays,2025-11-10 10:51:02.534909
A23,Good,No Exceptional Delays,2025-11-10 10:51:02.534909
A24,Good,No Exceptional Delays,2025-11-10 10:51:02.534909
A3,Good,No Exceptional Delays,2025-11-10 10:51:02.534909
A316,Good,No Exceptional Delays,2025-11-10 10:51:02.534909
A4,Good,No Exceptional Delays,2025-11-10 10:51:02.534909
A40,Good,No Exceptional Delays,2025-11-10 10:51:02.534909
North Circular (A406),Good,No Exceptional Delays,2025-11-10 10:51:02.534909
A41,Good,No Exceptional Delays,2025-11-10 10:51:02.534909
Bishopsgate Cross Route,Good,No Exceptional Delays,2025-11-10 10:51:02.534909
Blackwall Tunnel,Good,No Exceptional Delays,2025-11-10 10:51:02.534909
City Route,Good,No Exceptional Delays,2025-11-10 10:51:02.534909
Farringdon Cross Route,Good,No Exceptional Delays,2025-11-10 10:51:02.534909
Inner Ring,Good,No Exceptional Delays,2025-11-10 10:51:02.534909
Silvertown Tunnel,Good,No Exceptional Delays,2025-11-10 10:51:02.534909
Southern River Route,Good,No Exceptional Delays,2025-11-10 10:51:02.534909
Western Cross Route,Good,No Exceptional Delays,2025-11-10 10:51:02.534909
A1,Good,No Exceptional Delays,2025-11-10 10:52:02.893403
A10,Good,No Exceptional Delays,2025-11-10 10:52:02.893403
A12,Good,No Exceptional Delays,2025-11-10 10:52:02.893403
A13,Good,No Exceptional Delays,2025-11-10 10:52:02.893403
A2,Good,No Exceptional Delays,2025-11-10 10:52:02.893403
A20,Good,No Exceptional Delays,2025-11-10 10:52:02.893403
South Circular (A205),Good,No Exceptional Delays,2025-11-10 10:52:02.893403
A21,Good,No Exceptional Delays,2025-11-10 10:52:02.893403
A23,Good,No Exceptional Delays,2025-11-10 10:52:02.893403
A24,Good,No Exceptional Delays,2025-11-10 10:52:02.893403
A3,Good,No Exceptional Delays,2025-11-10 10:52:02.893403
A316,Good,No Exceptional Delays,2025-11-10 10:52:02.893403
A4,Good,No Exceptional Delays,2025-11-10 10:52:02.893403
A40,Good,No Exceptional Delays,2025-11-10 10:52:02.893403
North Circular (A406),Good,No Exceptional Delays,2025-11-10 10:52:02.893403
A41,Good,No Exceptional Delays,2025-11-10 10:52:02.893403
Bishopsgate Cross Route,Good,No Exceptional Delays,2025-11-10 10:52:02.893403
Blackwall Tunnel,Good,No Exceptional Delays,2025-11-10 10:52:02.893403
City Route,Good,No Exceptional Delays,2025-11-10 10:52:02.893403
Farringdon Cross Route,Good,No Exceptional Delays,2025-11-10 10:52:02.893403
Inner Ring,Good,No Exceptional Delays,2025-11-10 10:52:02.893403
Silvertown Tunnel,Good,No Exceptional Delays,2025-11-10 10:52:02.893403
Southern River Route,Good,No Exceptional Delays,2025-11-10 10:52:02.893403
Western Cross Route,Good,No Exceptional Delays,2025-11-10 10:52:02.893403
A1,Good,No Exceptional Delays,2025-11-10 10:53:03.234922
A10,Good,No Exceptional Delays,2025-11-10 10:53:03.234922
A12,Good,No Exceptional Delays,2025-11-10 10:53:03.234922
A13,Good,No Exceptional Delays,2025-11-10 10:53:03.234922
A2,Good,No Exceptional Delays,2025-11-10 10:53:03.234922
A20,Good,No Exceptional Delays,2025-11-10 10:53:03.234922
South Circular (A205),Good,No Exceptional Delays,2025-11-10 10:53:03.234922
A21,Good,No Exceptional Delays,2025-11-10 10:53:03.234922
A23,Good,No Exceptional Delays,2025-11-10 10:53:03.234922
A24,Good,No Exceptional Delays,2025-11-10 10:53:03.234922
A3,Good,No Exceptional Delays,2025-11-10 10:53:03.234922
A316,Good,No Exceptional Delays,2025-11-10 10:53:03.234922
A4,Good,No Exceptional Delays,2025-11-10 10:53:03.234922
A40,Good,No Exceptional Delays,2025-11-10 10:53:03.234922
North Circular (A406),Good,No Exceptional Delays,2025-11-10 10:53:03.234922
A41,Good,No Exceptional Delays,2025-11-10 10:53:03.234922
Bishopsgate Cross Route,Good,No Exceptional Delays,2025-11-10 10:53:03.234922
Blackwall Tunnel,Good,No Exceptional Delays,2025-11-10 10:53:03.234922
City Route,Good,No Exceptional Delays,2025-11-10 10:53:03.234922
Farringdon Cross Route,Good,No Exceptional Delays,2025-11-10 10:53:03.234922
Inner Ring,Good,No Exceptional Delays,2025-11-10 10:53:03.234922
Silvertown Tunnel,Good,No Exceptional Delays,2025-11-10 10:53:03.234922
Southern River Route,Good,No Exceptional Delays,2025-11-10 10:53:03.234922
Western Cross Route,Good,No Exceptional Delays,2025-11-10 10:53:03.234922
A1,Good,No Exceptional Delays,2025-11-10 10:54:04.266973
A10,Good,No Exceptional Delays,2025-11-10 10:54:04.266973
A12,Good,No Exceptional Delays,2025-11-10 10:54:04.266973
A13,Good,No Exceptional Delays,2025-11-10 10:54:04.266973
A2,Good,No Exceptional Delays,2025-11-10 10:54:04.266973
A20,Good,No Exceptional Delays,2025-11-10 10:54:04.266973
South Circular (A205),Good,No Exceptional Delays,2025-11-10 10:54:04.266973
A21,Good,No Exceptional Delays,2025-11-10 10:54:04.266973
A23,Good,No Exceptional Delays,2025-11-10 10:54:04.266973
A24,Good,No Exceptional Delays,2025-11-10 10:54:04.266973
A3,Good,No Exceptional Delays,2025-11-10 10:54:04.266973
A316,Good,No Exceptional Delays,2025-11-10 10:54:04.266973
A4,Good,No Exceptional Delays,2025-11-10 10:54:04.266973
A40,Good,No Exceptional Delays,2025-11-10 10:54:04.266973
North Circular (A406),Good,No Exceptional Delays,2025-11-10 10:54:04.266973
A41,Good,No Exceptional Delays,2025-11-10 10:54:04.266973
Bishopsgate Cross Route,Good,No Exceptional Delays,2025-11-10 10:54:04.266973
Blackwall Tunnel,Good,No Exceptional Delays,2025-11-10 10:54:04.266973
City Route,Good,No Exceptional Delays,2025-11-10 10:54:04.266973
Farringdon Cross Route,Good,No Exceptional Delays,2025-11-10 10:54:04.266973
Inner Ring,Good,No Exceptional Delays,2025-11-10 10:54:04.266973
Silvertown Tunnel,Good,No Exceptional Delays,2025-11-10 10:54:04.266973
Southern River Route,Good,No Exceptional Delays,2025-11-10 10:54:04.266973
Western Cross Route,Good,No Exceptional Delays,2025-11-10 10:54:04.266973
A1,Good,No Exceptional Delays,2025-11-10 10:55:05.599286
A10,Good,No Exceptional Delays,2025-11-10 10:55:05.599286
A12,Good,No Exceptional Delays,2025-11-10 10:55:05.599286
A13,Good,No Exceptional Delays,2025-11-10 10:55:05.599286
A2,Good,No Exceptional Delays,2025-11-10 10:55:05.599286
A20,Good,No Exceptional Delays,2025-11-10 10:55:05.599286
South Circular (A205),Good,No Exceptional Delays,2025-11-10 10:55:05.599286
A21,Good,No Exceptional Delays,2025-11-10 10:55:05.599286
A23,Good,No Exceptional Delays,2025-11-10 10:55:05.599286
A24,Good,No Exceptional Delays,2025-11-10 10:55:05.599286
A3,Good,No Exceptional Delays,2025-11-10 10:55:05.599286
A316,Good,No Exceptional Delays,2025-11-10 10:55:05.599286
A4,Good,No Exceptional Delays,2025-11-10 10:55:05.599286
A40,Good,No Exceptional Delays,2025-11-10 10:55:05.599286
North Circular (A406),Good,No Exceptional Delays,2025-11-10 10:55:05.599286
A41,Good,No Exceptional Delays,2025-11-10 10:55:05.599286
Bishopsgate Cross Route,Good,No Exceptional Delays,2025-11-10 10:55:05.599286
Blackwall Tunnel,Good,No Exceptional Delays,2025-11-10 10:55:05.599286
City Route,Good,No Exceptional Delays,2025-11-10 10:55:05.599286
Farringdon Cross Route,Good,No Exceptional Delays,2025-11-10 10:55:05.599286
Inner Ring,Good,No Exceptional Delays,2025-11-10 10:55:05.599286
Silvertown Tunnel,Good,No Exceptional Delays,2025-11-10 10:55:05.599286
Southern River Route,Good,No Exceptional Delays,2025-11-10 10:55:05.599286
Western Cross Route,Good,No Exceptional Delays,2025-11-10 10:55:05.599286
